categoria,item_id,animal,nome_exibido_en,arquivo,in_catalogo_publico_individual,bundle_10_anos_2026,url_fonte,download_ok
01_Classicos_Antigos,arctic_fox_classic,arctic_fox,Classic Arctic Fox,01_Classicos_Antigos/arctic_fox_classic.webp,sim,não,https://s3.mope.io/mope-prod/items/arctic_fox_classic/arctic_fox.ui.webp,sim
01_Classicos_Antigos,arctic_hare_classic,arctic_hare,Classic Arctic Hare,01_Classicos_Antigos/arctic_hare_classic.webp,sim,não,https://s3.mope.io/mope-prod/items/arctic_hare_classic/arctic_hare.ui.webp,sim
01_Classicos_Antigos,armadillo_classic,armadillo,Classic Armadillo,01_Classicos_Antigos/armadillo_classic.webp,sim,não,https://s3.mope.io/mope-prod/items/armadillo_classic/armadillo.ui.webp,sim
01_Classicos_Antigos,bear_classic,bear,Classic Bear,01_Classicos_Antigos/bear_classic.webp,sim,não,https://s3.mope.io/mope-prod/items/bear_classic/bear.ui.webp,sim
01_Classicos_Antigos,bison_classic,bison,Classic Bison,01_Classicos_Antigos/bison_classic.webp,sim,não,https://s3.mope.io/mope-prod/items/bison_classic/bison.ui.webp,sim
01_Classicos_Antigos,black_dragon_classic,black_dragon,Classic Black Dragon,01_Classicos_Antigos/black_dragon_classic.webp,sim,não,https://s3.mope.io/mope-prod/items/black_dragon_classic/black_dragon.ui.webp,sim
01_Classicos_Antigos,black_widow_classic,black_widow,Classic Blackwidow Spider,01_Classicos_Antigos/black_widow_classic.webp,sim,não,https://s3.mope.io/mope-prod/items/black_widow_classic/black_widow.ui.webp,sim
01_Classicos_Antigos,blue_whale_classic,blue_whale,Classic Blue Whale,01_Classicos_Antigos/blue_whale_classic.webp,sim,não,https://s3.mope.io/mope-prod/items/blue_whale_classic/blue_whale.ui.webp,sim
01_Classicos_Antigos,boa_classic,boa,Classic Boa,01_Classicos_Antigos/boa_classic.webp,sim,não,https://s3.mope.io/mope-prod/items/boa_classic/boa.ui.webp,sim
01_Classicos_Antigos,camel_classic,camel,Classic Camel,01_Classicos_Antigos/camel_classic.webp,sim,não,https://s3.mope.io/mope-prod/items/camel_classic/camel.ui.webp,sim
01_Classicos_Antigos,cassowary_classic,cassowary,Classic Cassowary,01_Classicos_Antigos/cassowary_classic.webp,sim,não,https://s3.mope.io/mope-prod/items/cassowary_classic/cassowary.ui.webp,sim
01_Classicos_Antigos,cheetah_classic,cheetah,Classic Cheetah,01_Classicos_Antigos/cheetah_classic.webp,sim,não,https://s3.mope.io/mope-prod/items/cheetah_classic/cheetah.ui.webp,sim
01_Classicos_Antigos,chicken_classic,chicken,Classic Chicken,01_Classicos_Antigos/chicken_classic.webp,sim,não,https://s3.mope.io/mope-prod/items/chicken_classic/chicken.ui.webp,sim
01_Classicos_Antigos,chipmunk_classic,chipmunk,Classic Chipmunk,01_Classicos_Antigos/chipmunk_classic.webp,sim,não,https://s3.mope.io/mope-prod/items/chipmunk_classic/chipmunk.ui.webp,sim
01_Classicos_Antigos,cobra_classic,cobra,Classic Cobra,01_Classicos_Antigos/cobra_classic.webp,sim,não,https://s3.mope.io/mope-prod/items/cobra_classic/cobra.ui.webp,sim
01_Classicos_Antigos,crab_classic,crab,Classic Crab,01_Classicos_Antigos/crab_classic.webp,sim,não,https://s3.mope.io/mope-prod/items/crab_classic/crab.ui.webp,sim
01_Classicos_Antigos,crocodile_classic,crocodile,Classic Crocodile,01_Classicos_Antigos/crocodile_classic.webp,sim,não,https://s3.mope.io/mope-prod/items/crocodile_classic/crocodile.ui.webp,sim
01_Classicos_Antigos,deer_classic,deer,Classic Deer,01_Classicos_Antigos/deer_classic.webp,sim,não,https://s3.mope.io/mope-prod/items/deer_classic/deer.ui.webp,sim
01_Classicos_Antigos,desert_chipmunk_classic,desert_chipmunk,Classic Desert Chipmunk,01_Classicos_Antigos/desert_chipmunk_classic.webp,sim,não,https://s3.mope.io/mope-prod/items/desert_chipmunk_classic/desert_chipmunk.ui.webp,sim
01_Classicos_Antigos,kangaroo_rat_classic,kangaroo_rat,Classic Desert Rat,01_Classicos_Antigos/kangaroo_rat_classic.webp,sim,não,https://s3.mope.io/mope-prod/items/kangaroo_rat_classic/kangaroo_rat.ui.webp,sim
01_Classicos_Antigos,dino_monster_classic,dino_monster,Classic Dino Monster,01_Classicos_Antigos/dino_monster_classic.webp,sim,não,https://s3.mope.io/mope-prod/items/dino_monster_classic/dino_monster.ui.webp,sim
01_Classicos_Antigos,donkey_classic,donkey,Classic Donkey,01_Classicos_Antigos/donkey_classic.webp,sim,não,https://s3.mope.io/mope-prod/items/donkey_classic/donkey.ui.webp,sim
01_Classicos_Antigos,dragon_classic,dragon,Classic Dragon,01_Classicos_Antigos/dragon_classic.webp,sim,não,https://s3.mope.io/mope-prod/items/dragon_classic/dragon.ui.webp,sim
01_Classicos_Antigos,eagle_classic,eagle,Classic Eagle,01_Classicos_Antigos/eagle_classic.webp,sim,não,https://s3.mope.io/mope-prod/items/eagle_classic/eagle.ui.webp,sim
01_Classicos_Antigos,elephant_classic,elephant,Classic Elephant,01_Classicos_Antigos/elephant_classic.webp,sim,não,https://s3.mope.io/mope-prod/items/elephant_classic/elephant.ui.webp,sim
01_Classicos_Antigos,falcon_classic,falcon,Classic Falcon,01_Classicos_Antigos/falcon_classic.webp,sim,não,https://s3.mope.io/mope-prod/items/falcon_classic/falcon.ui.webp,sim
01_Classicos_Antigos,fennec_fox_classic,fennec_fox,Classic Fennec Fox,01_Classicos_Antigos/fennec_fox_classic.webp,sim,não,https://s3.mope.io/mope-prod/items/fennec_fox_classic/fennec_fox.ui.webp,sim
01_Classicos_Antigos,flamingo_classic,flamingo,Classic Flamingo,01_Classicos_Antigos/flamingo_classic.webp,sim,não,https://s3.mope.io/mope-prod/items/flamingo_classic/flamingo.ui.webp,sim
01_Classicos_Antigos,fox_classic,fox,Classic Fox,01_Classicos_Antigos/fox_classic.webp,sim,não,https://s3.mope.io/mope-prod/items/fox_classic/fox.ui.webp,sim
01_Classicos_Antigos,gazelle_classic,gazelle,Classic Gazelle,01_Classicos_Antigos/gazelle_classic.webp,sim,não,https://s3.mope.io/mope-prod/items/gazelle_classic/gazelle.ui.webp,sim
01_Classicos_Antigos,giant_scorpion_classic,giant_scorpion,Classic Giant Scorpion,01_Classicos_Antigos/giant_scorpion_classic.webp,sim,não,https://s3.mope.io/mope-prod/items/giant_scorpion_classic/giant_scorpion.ui.webp,sim
01_Classicos_Antigos,giant_spider_classic,giant_spider,Classic Giant Spider,01_Classicos_Antigos/giant_spider_classic.webp,sim,não,https://s3.mope.io/mope-prod/items/giant_spider_classic/giant_spider.ui.webp,sim
01_Classicos_Antigos,giraffe_classic,giraffe,Classic Giraffe,01_Classicos_Antigos/giraffe_classic.webp,sim,não,https://s3.mope.io/mope-prod/items/giraffe_classic/giraffe.ui.webp,sim
01_Classicos_Antigos,gobi_bear_classic,gobi_bear,Classic Gobi Bear,01_Classicos_Antigos/gobi_bear_classic.webp,sim,não,https://s3.mope.io/mope-prod/items/gobi_bear_classic/gobi_bear.ui.webp,sim
01_Classicos_Antigos,gorilla_classic,gorilla,Classic Gorilla,01_Classicos_Antigos/gorilla_classic.webp,sim,não,https://s3.mope.io/mope-prod/items/gorilla_classic/gorilla.ui.webp,sim
01_Classicos_Antigos,hedgehog_classic,hedgehog,Classic Hedgehog,01_Classicos_Antigos/hedgehog_classic.webp,sim,não,https://s3.mope.io/mope-prod/items/hedgehog_classic/hedgehog.ui.webp,sim
01_Classicos_Antigos,hippopotamus_classic,hippopotamus,Classic Hippo,01_Classicos_Antigos/hippopotamus_classic.webp,sim,não,https://s3.mope.io/mope-prod/items/hippopotamus_classic/hippopotamus.ui.webp,sim
01_Classicos_Antigos,hyena_classic,hyena,Classic Hyena,01_Classicos_Antigos/hyena_classic.webp,sim,não,https://s3.mope.io/mope-prod/items/hyena_classic/hyena.ui.webp,sim
01_Classicos_Antigos,ice_monster_classic,ice_monster,Classic Ice Monster,01_Classicos_Antigos/ice_monster_classic.webp,sim,não,https://s3.mope.io/mope-prod/items/ice_monster_classic/ice_monster.ui.webp,sim
01_Classicos_Antigos,jellyfish_classic,jellyfish,Classic Jellyfish,01_Classicos_Antigos/jellyfish_classic.webp,sim,não,https://s3.mope.io/mope-prod/items/jellyfish_classic/jellyfish.ui.webp,sim
01_Classicos_Antigos,orca_classic,orca,Classic Killerwhale,01_Classicos_Antigos/orca_classic.webp,sim,não,https://s3.mope.io/mope-prod/items/orca_classic/orca.ui.webp,sim
01_Classicos_Antigos,king_crab_classic,king_crab,Classic King Crab,01_Classicos_Antigos/king_crab_classic.webp,sim,não,https://s3.mope.io/mope-prod/items/king_crab_classic/king_crab.ui.webp,sim
01_Classicos_Antigos,king_dragon_classic,king_dragon,Classic King Dragon,01_Classicos_Antigos/king_dragon_classic.webp,sim,não,https://s3.mope.io/mope-prod/items/king_dragon_classic/king_dragon.ui.webp,sim
01_Classicos_Antigos,komodo_dragon_classic,komodo_dragon,Classic Komodo Dragon,01_Classicos_Antigos/komodo_dragon_classic.webp,sim,não,https://s3.mope.io/mope-prod/items/komodo_dragon_classic/komodo_dragon.ui.webp,sim
01_Classicos_Antigos,kraken_classic,kraken,Classic Kraken,01_Classicos_Antigos/kraken_classic.webp,sim,não,https://s3.mope.io/mope-prod/items/kraken_classic/kraken.ui.webp,sim
01_Classicos_Antigos,lava_monster_classic,lava_monster,Classic Lava Monster,01_Classicos_Antigos/lava_monster_classic.webp,sim,não,https://s3.mope.io/mope-prod/items/lava_monster_classic/lava_monster.ui.webp,sim
01_Classicos_Antigos,lion_classic,lion,Classic Lion,01_Classicos_Antigos/lion_classic.webp,sim,não,https://s3.mope.io/mope-prod/items/lion_classic/lion.ui.webp,sim
01_Classicos_Antigos,macaw_classic,macaw,Classic Macaw,01_Classicos_Antigos/macaw_classic.webp,sim,não,https://s3.mope.io/mope-prod/items/macaw_classic/macaw.ui.webp,sim
01_Classicos_Antigos,mammoth_classic,mammoth,Classic Mammoth,01_Classicos_Antigos/mammoth_classic.webp,sim,não,https://s3.mope.io/mope-prod/items/mammoth_classic/mammoth.ui.webp,sim
01_Classicos_Antigos,markhor_classic,markhor,Classic Markhor,01_Classicos_Antigos/markhor_classic.webp,sim,não,https://s3.mope.io/mope-prod/items/markhor_classic/markhor.ui.webp,sim
01_Classicos_Antigos,meerkat_classic,meerkat,Classic Meerkat,01_Classicos_Antigos/meerkat_classic.webp,sim,não,https://s3.mope.io/mope-prod/items/meerkat_classic/meerkat.ui.webp,sim
01_Classicos_Antigos,mole_classic,mole,Classic Mole,01_Classicos_Antigos/mole_classic.webp,sim,não,https://s3.mope.io/mope-prod/items/mole_classic/mole.ui.webp,sim
01_Classicos_Antigos,mouse_classic,mouse,Classic Mouse,01_Classicos_Antigos/mouse_classic.webp,sim,não,https://s3.mope.io/mope-prod/items/mouse_classic/mouse.ui.webp,sim
01_Classicos_Antigos,muskox_classic,muskox,Classic Muskox,01_Classicos_Antigos/muskox_classic.webp,sim,não,https://s3.mope.io/mope-prod/items/muskox_classic/muskox.ui.webp,sim
01_Classicos_Antigos,octopus_classic,octopus,Classic Octopus,01_Classicos_Antigos/octopus_classic.webp,sim,não,https://s3.mope.io/mope-prod/items/octopus_classic/octopus.ui.webp,sim
01_Classicos_Antigos,ostrich_classic,ostrich,Classic Ostrich,01_Classicos_Antigos/ostrich_classic.webp,sim,não,https://s3.mope.io/mope-prod/items/ostrich_classic/ostrich.ui.webp,sim
01_Classicos_Antigos,peacock_classic,peacock,Classic Peacock,01_Classicos_Antigos/peacock_classic.webp,sim,não,https://s3.mope.io/mope-prod/items/peacock_classic/peacock.ui.webp,sim
01_Classicos_Antigos,pelican_classic,pelican,Classic Pelican,01_Classicos_Antigos/pelican_classic.webp,sim,não,https://s3.mope.io/mope-prod/items/pelican_classic/pelican.ui.webp,sim
01_Classicos_Antigos,penguin_classic,penguin,Classic Penguin,01_Classicos_Antigos/penguin_classic.webp,sim,não,https://s3.mope.io/mope-prod/items/penguin_classic/penguin.ui.webp,sim
01_Classicos_Antigos,phoenix_classic,phoenix,Classic Phoenix,01_Classicos_Antigos/phoenix_classic.webp,sim,não,https://s3.mope.io/mope-prod/items/phoenix_classic/phoenix.ui.webp,sim
01_Classicos_Antigos,pig_classic,pig,Classic Pig,01_Classicos_Antigos/pig_classic.webp,sim,não,https://s3.mope.io/mope-prod/items/pig_classic/pig.ui.webp,sim
01_Classicos_Antigos,pigeon_classic,pigeon,Classic Pigeon,01_Classicos_Antigos/pigeon_classic.webp,sim,não,https://s3.mope.io/mope-prod/items/pigeon_classic/pigeon.ui.webp,sim
01_Classicos_Antigos,polar_bear_classic,polar_bear,Classic Polar Bear,01_Classicos_Antigos/polar_bear_classic.webp,sim,não,https://s3.mope.io/mope-prod/items/polar_bear_classic/polar_bear.ui.webp,sim
01_Classicos_Antigos,pterodactyl_classic,pterodactyl,Classic Pterodactyl,01_Classicos_Antigos/pterodactyl_classic.webp,sim,não,https://s3.mope.io/mope-prod/items/pterodactyl_classic/pterodactyl.ui.webp,sim
01_Classicos_Antigos,pufferfish_classic,pufferfish,Classic Pufferfish,01_Classicos_Antigos/pufferfish_classic.webp,sim,não,https://s3.mope.io/mope-prod/items/pufferfish_classic/pufferfish.ui.webp,sim
01_Classicos_Antigos,rabbit_classic,rabbit,Classic Rabbit,01_Classicos_Antigos/rabbit_classic.webp,sim,não,https://s3.mope.io/mope-prod/items/rabbit_classic/rabbit.ui.webp,sim
01_Classicos_Antigos,rattle_snake_classic,rattle_snake,Classic Rattle Snake,01_Classicos_Antigos/rattle_snake_classic.webp,sim,não,https://s3.mope.io/mope-prod/items/rattle_snake_classic/rattle_snake.ui.webp,sim
01_Classicos_Antigos,reindeer_classic,reindeer,Classic Reindeer,01_Classicos_Antigos/reindeer_classic.webp,sim,não,https://s3.mope.io/mope-prod/items/reindeer_classic/reindeer.ui.webp,sim
01_Classicos_Antigos,rhinoceros_classic,rhinoceros,Classic Rhino,01_Classicos_Antigos/rhinoceros_classic.webp,sim,não,https://s3.mope.io/mope-prod/items/rhinoceros_classic/rhinoceros.ui.webp,sim
01_Classicos_Antigos,sabertooth_tiger_classic,sabertooth_tiger,Classic Sabertooth,01_Classicos_Antigos/sabertooth_tiger_classic.webp,sim,não,https://s3.mope.io/mope-prod/items/sabertooth_tiger_classic/sabertooth_tiger.ui.webp,sim
01_Classicos_Antigos,sea_monster_classic,sea_monster,Classic Sea Monster,01_Classicos_Antigos/sea_monster_classic.webp,sim,não,https://s3.mope.io/mope-prod/items/sea_monster_classic/sea_monster.ui.webp,sim
01_Classicos_Antigos,sea_horse_classic,sea_horse,Classic Seahorse,01_Classicos_Antigos/sea_horse_classic.webp,sim,não,https://s3.mope.io/mope-prod/items/sea_horse_classic/sea_horse.ui.webp,sim
01_Classicos_Antigos,seal_classic,seal,Classic Seal,01_Classicos_Antigos/seal_classic.webp,sim,não,https://s3.mope.io/mope-prod/items/seal_classic/seal.ui.webp,sim
01_Classicos_Antigos,shark_classic,shark,Classic Shark,01_Classicos_Antigos/shark_classic.webp,sim,não,https://s3.mope.io/mope-prod/items/shark_classic/shark.ui.webp,sim
01_Classicos_Antigos,shrimp_classic,shrimp,Classic Shrimp,01_Classicos_Antigos/shrimp_classic.webp,sim,não,https://s3.mope.io/mope-prod/items/shrimp_classic/shrimp.ui.webp,sim
01_Classicos_Antigos,snow_leopard_classic,snow_leopard,Classic Snow Leopard,01_Classicos_Antigos/snow_leopard_classic.webp,sim,não,https://s3.mope.io/mope-prod/items/snow_leopard_classic/snow_leopard.ui.webp,sim
01_Classicos_Antigos,snowy_owl_classic,snowy_owl,Classic Snowy Owl,01_Classicos_Antigos/snowy_owl_classic.webp,sim,não,https://s3.mope.io/mope-prod/items/snowy_owl_classic/snowy_owl.ui.webp,sim
01_Classicos_Antigos,squid_classic,squid,Classic Squid,01_Classicos_Antigos/squid_classic.webp,sim,não,https://s3.mope.io/mope-prod/items/squid_classic/squid.ui.webp,sim
01_Classicos_Antigos,stingray_classic,stingray,Classic Stingray,01_Classicos_Antigos/stingray_classic.webp,sim,não,https://s3.mope.io/mope-prod/items/stingray_classic/stingray.ui.webp,sim
01_Classicos_Antigos,swordfish_classic,swordfish,Classic Swordfish,01_Classicos_Antigos/swordfish_classic.webp,sim,não,https://s3.mope.io/mope-prod/items/swordfish_classic/swordfish.ui.webp,sim
01_Classicos_Antigos,trex_classic,trex,Classic T-Rex,01_Classicos_Antigos/trex_classic.webp,sim,não,https://s3.mope.io/mope-prod/items/trex_classic/trex.ui.webp,sim
01_Classicos_Antigos,tiger_classic,tiger,Classic Tiger,01_Classicos_Antigos/tiger_classic.webp,sim,não,https://s3.mope.io/mope-prod/items/tiger_classic/tiger.ui.webp,sim
01_Classicos_Antigos,toucan_classic,toucan,Classic Toucan,01_Classicos_Antigos/toucan_classic.webp,sim,não,https://s3.mope.io/mope-prod/items/toucan_classic/toucan.ui.webp,sim
01_Classicos_Antigos,trout_classic,trout,Classic Trout,01_Classicos_Antigos/trout_classic.webp,sim,não,https://s3.mope.io/mope-prod/items/trout_classic/trout.ui.webp,sim
01_Classicos_Antigos,turtle_classic,turtle,Classic Turtle,01_Classicos_Antigos/turtle_classic.webp,sim,não,https://s3.mope.io/mope-prod/items/turtle_classic/turtle.ui.webp,sim
01_Classicos_Antigos,vulture_classic,vulture,Classic Vulture,01_Classicos_Antigos/vulture_classic.webp,sim,não,https://s3.mope.io/mope-prod/items/vulture_classic/vulture.ui.webp,sim
01_Classicos_Antigos,walrus_classic,walrus,Classic Walrus,01_Classicos_Antigos/walrus_classic.webp,sim,não,https://s3.mope.io/mope-prod/items/walrus_classic/walrus.ui.webp,sim
01_Classicos_Antigos,warthog_classic,warthog,Classic Warthog,01_Classicos_Antigos/warthog_classic.webp,sim,não,https://s3.mope.io/mope-prod/items/warthog_classic/warthog.ui.webp,sim
01_Classicos_Antigos,wolf_classic,wolf,Classic Wolf,01_Classicos_Antigos/wolf_classic.webp,sim,não,https://s3.mope.io/mope-prod/items/wolf_classic/wolf.ui.webp,sim
01_Classicos_Antigos,wolverine_classic,wolverine,Classic Wolverine,01_Classicos_Antigos/wolverine_classic.webp,sim,não,https://s3.mope.io/mope-prod/items/wolverine_classic/wolverine.ui.webp,sim
01_Classicos_Antigos,woodpecker_classic,woodpecker,Classic Woodpecker,01_Classicos_Antigos/woodpecker_classic.webp,sim,não,https://s3.mope.io/mope-prod/items/woodpecker_classic/woodpecker.ui.webp,sim
01_Classicos_Antigos,yeti_classic,yeti,Classic Yeti,01_Classicos_Antigos/yeti_classic.webp,sim,não,https://s3.mope.io/mope-prod/items/yeti_classic/yeti.ui.webp,sim
01_Classicos_Antigos,zebra_classic,zebra,Classic Zebra,01_Classicos_Antigos/zebra_classic.webp,sim,não,https://s3.mope.io/mope-prod/items/zebra_classic/zebra.ui.webp,sim
02_Gold_Trim,arctic_fox_gold_trim,arctic_fox,Gold-trim Arctic Fox,02_Gold_Trim/arctic_fox_gold_trim.webp,sim,não,https://s3.mope.io/mope-prod/items/arctic_fox_gold_trim/arctic_fox.ui.webp,sim
02_Gold_Trim,arctic_hare_gold_trim,arctic_hare,Gold-trim Arctic Hare,02_Gold_Trim/arctic_hare_gold_trim.webp,sim,não,https://s3.mope.io/mope-prod/items/arctic_hare_gold_trim/arctic_hare.ui.webp,sim
02_Gold_Trim,armadillo_gold_trim,armadillo,Gold-trim Armadillo,02_Gold_Trim/armadillo_gold_trim.webp,sim,não,https://s3.mope.io/mope-prod/items/armadillo_gold_trim/armadillo.ui.webp,sim
02_Gold_Trim,bear_gold_trim,bear,Gold-trim Bear,02_Gold_Trim/bear_gold_trim.webp,sim,não,https://s3.mope.io/mope-prod/items/bear_gold_trim/bear.ui.webp,sim
02_Gold_Trim,bison_gold_trim,bison,Gold-trim Bison,02_Gold_Trim/bison_gold_trim.webp,sim,não,https://s3.mope.io/mope-prod/items/bison_gold_trim/bison.ui.webp,sim
02_Gold_Trim,camel_gold_trim,camel,Gold-trim Camel,02_Gold_Trim/camel_gold_trim.webp,sim,não,https://s3.mope.io/mope-prod/items/camel_gold_trim/camel.ui.webp,sim
02_Gold_Trim,cheetah_gold_trim,cheetah,Gold-trim Cheetah,02_Gold_Trim/cheetah_gold_trim.webp,sim,não,https://s3.mope.io/mope-prod/items/cheetah_gold_trim/cheetah.ui.webp,sim
02_Gold_Trim,chicken_gold_trim,chicken,Gold-trim Chicken,02_Gold_Trim/chicken_gold_trim.webp,sim,não,https://s3.mope.io/mope-prod/items/chicken_gold_trim/chicken.ui.webp,sim
02_Gold_Trim,chipmunk_gold_trim,chipmunk,Gold-trim Chipmunk,02_Gold_Trim/chipmunk_gold_trim.webp,sim,não,https://s3.mope.io/mope-prod/items/chipmunk_gold_trim/chipmunk.ui.webp,sim
02_Gold_Trim,cobra_gold_trim,cobra,Gold-trim Cobra,02_Gold_Trim/cobra_gold_trim.webp,sim,não,https://s3.mope.io/mope-prod/items/cobra_gold_trim/cobra.ui.webp,sim
02_Gold_Trim,crab_gold_trim,crab,Gold-trim Crab,02_Gold_Trim/crab_gold_trim.webp,sim,não,https://s3.mope.io/mope-prod/items/crab_gold_trim/crab.ui.webp,sim
02_Gold_Trim,crocodile_gold_trim,crocodile,Gold-trim Crocodile,02_Gold_Trim/crocodile_gold_trim.webp,sim,não,https://s3.mope.io/mope-prod/items/crocodile_gold_trim/crocodile.ui.webp,sim
02_Gold_Trim,deer_gold_trim,deer,Gold-trim Deer,02_Gold_Trim/deer_gold_trim.webp,sim,não,https://s3.mope.io/mope-prod/items/deer_gold_trim/deer.ui.webp,sim
02_Gold_Trim,desert_chipmunk_gold_trim,desert_chipmunk,Gold-trim Desert Chipmunk,02_Gold_Trim/desert_chipmunk_gold_trim.webp,sim,não,https://s3.mope.io/mope-prod/items/desert_chipmunk_gold_trim/desert_chipmunk.ui.webp,sim
02_Gold_Trim,kangaroo_rat_gold_trim,kangaroo_rat,Gold-trim Desert Rat,02_Gold_Trim/kangaroo_rat_gold_trim.webp,sim,não,https://s3.mope.io/mope-prod/items/kangaroo_rat_gold_trim/kangaroo_rat.ui.webp,sim
02_Gold_Trim,donkey_gold_trim,donkey,Gold-trim Donkey,02_Gold_Trim/donkey_gold_trim.webp,sim,não,https://s3.mope.io/mope-prod/items/donkey_gold_trim/donkey.ui.webp,sim
02_Gold_Trim,eagle_gold_trim,eagle,Gold-trim Eagle,02_Gold_Trim/eagle_gold_trim.webp,sim,não,https://s3.mope.io/mope-prod/items/eagle_gold_trim/eagle.ui.webp,sim
02_Gold_Trim,falcon_gold_trim,falcon,Gold-trim Falcon,02_Gold_Trim/falcon_gold_trim.webp,sim,não,https://s3.mope.io/mope-prod/items/falcon_gold_trim/falcon.ui.webp,sim
02_Gold_Trim,fennec_fox_gold_trim,fennec_fox,Gold-trim Fennec Fox,02_Gold_Trim/fennec_fox_gold_trim.webp,sim,não,https://s3.mope.io/mope-prod/items/fennec_fox_gold_trim/fennec_fox.ui.webp,sim
02_Gold_Trim,flamingo_gold_trim,flamingo,Gold-trim Flamingo,02_Gold_Trim/flamingo_gold_trim.webp,sim,não,https://s3.mope.io/mope-prod/items/flamingo_gold_trim/flamingo.ui.webp,sim
02_Gold_Trim,fox_gold_trim,fox,Gold-trim Fox,02_Gold_Trim/fox_gold_trim.webp,sim,não,https://s3.mope.io/mope-prod/items/fox_gold_trim/fox.ui.webp,sim
02_Gold_Trim,gazelle_gold_trim,gazelle,Gold-trim Gazelle,02_Gold_Trim/gazelle_gold_trim.webp,sim,não,https://s3.mope.io/mope-prod/items/gazelle_gold_trim/gazelle.ui.webp,sim
02_Gold_Trim,giraffe_gold_trim,giraffe,Gold-trim Giraffe,02_Gold_Trim/giraffe_gold_trim.webp,sim,não,https://s3.mope.io/mope-prod/items/giraffe_gold_trim/giraffe.ui.webp,sim
02_Gold_Trim,gobi_bear_gold_trim,gobi_bear,Gold-trim Gobi Bear,02_Gold_Trim/gobi_bear_gold_trim.webp,sim,não,https://s3.mope.io/mope-prod/items/gobi_bear_gold_trim/gobi_bear.ui.webp,sim
02_Gold_Trim,gorilla_gold_trim,gorilla,Gold-trim Gorilla,02_Gold_Trim/gorilla_gold_trim.webp,sim,não,https://s3.mope.io/mope-prod/items/gorilla_gold_trim/gorilla.ui.webp,sim
02_Gold_Trim,hedgehog_gold_trim,hedgehog,Gold-trim Hedgehog,02_Gold_Trim/hedgehog_gold_trim.webp,sim,não,https://s3.mope.io/mope-prod/items/hedgehog_gold_trim/hedgehog.ui.webp,sim
02_Gold_Trim,hyena_gold_trim,hyena,Gold-trim Hyena,02_Gold_Trim/hyena_gold_trim.webp,sim,não,https://s3.mope.io/mope-prod/items/hyena_gold_trim/hyena.ui.webp,sim
02_Gold_Trim,jellyfish_gold_trim,jellyfish,Gold-trim Jellyfish,02_Gold_Trim/jellyfish_gold_trim.webp,sim,não,https://s3.mope.io/mope-prod/items/jellyfish_gold_trim/jellyfish.ui.webp,sim
02_Gold_Trim,lion_gold_trim,lion,Gold-trim Lion,02_Gold_Trim/lion_gold_trim.webp,sim,não,https://s3.mope.io/mope-prod/items/lion_gold_trim/lion.ui.webp,sim
02_Gold_Trim,macaw_gold_trim,macaw,Gold-trim Macaw,02_Gold_Trim/macaw_gold_trim.webp,sim,não,https://s3.mope.io/mope-prod/items/macaw_gold_trim/macaw.ui.webp,sim
02_Gold_Trim,markhor_gold_trim,markhor,Gold-trim Markhor,02_Gold_Trim/markhor_gold_trim.webp,sim,não,https://s3.mope.io/mope-prod/items/markhor_gold_trim/markhor.ui.webp,sim
02_Gold_Trim,meerkat_gold_trim,meerkat,Gold-trim Meerkat,02_Gold_Trim/meerkat_gold_trim.webp,sim,não,https://s3.mope.io/mope-prod/items/meerkat_gold_trim/meerkat.ui.webp,sim
02_Gold_Trim,mole_gold_trim,mole,Gold-trim Mole,02_Gold_Trim/mole_gold_trim.webp,sim,não,https://s3.mope.io/mope-prod/items/mole_gold_trim/mole.ui.webp,sim
02_Gold_Trim,mouse_gold_trim,mouse,Gold-trim Mouse,02_Gold_Trim/mouse_gold_trim.webp,sim,não,https://s3.mope.io/mope-prod/items/mouse_gold_trim/mouse.ui.webp,sim
02_Gold_Trim,muskox_gold_trim,muskox,Gold-trim Muskox,02_Gold_Trim/muskox_gold_trim.webp,sim,não,https://s3.mope.io/mope-prod/items/muskox_gold_trim/muskox.ui.webp,sim
02_Gold_Trim,octopus_gold_trim,octopus,Gold-trim Octopus,02_Gold_Trim/octopus_gold_trim.webp,sim,não,https://s3.mope.io/mope-prod/items/octopus_gold_trim/octopus.ui.webp,sim
02_Gold_Trim,peacock_gold_trim,peacock,Gold-trim Peacock,02_Gold_Trim/peacock_gold_trim.webp,sim,não,https://s3.mope.io/mope-prod/items/peacock_gold_trim/peacock.ui.webp,sim
02_Gold_Trim,pelican_gold_trim,pelican,Gold-trim Pelican,02_Gold_Trim/pelican_gold_trim.webp,sim,não,https://s3.mope.io/mope-prod/items/pelican_gold_trim/pelican.ui.webp,sim
02_Gold_Trim,penguin_gold_trim,penguin,Gold-trim Penguin,02_Gold_Trim/penguin_gold_trim.webp,sim,não,https://s3.mope.io/mope-prod/items/penguin_gold_trim/penguin.ui.webp,sim
02_Gold_Trim,pig_gold_trim,pig,Gold-trim Pig,02_Gold_Trim/pig_gold_trim.webp,sim,não,https://s3.mope.io/mope-prod/items/pig_gold_trim/pig.ui.webp,sim
02_Gold_Trim,pigeon_gold_trim,pigeon,Gold-trim Pigeon,02_Gold_Trim/pigeon_gold_trim.webp,sim,não,https://s3.mope.io/mope-prod/items/pigeon_gold_trim/pigeon.ui.webp,sim
02_Gold_Trim,polar_bear_gold_trim,polar_bear,Gold-trim Polar Bear,02_Gold_Trim/polar_bear_gold_trim.webp,sim,não,https://s3.mope.io/mope-prod/items/polar_bear_gold_trim/polar_bear.ui.webp,sim
02_Gold_Trim,pufferfish_gold_trim,pufferfish,Gold-trim Pufferfish,02_Gold_Trim/pufferfish_gold_trim.webp,sim,não,https://s3.mope.io/mope-prod/items/pufferfish_gold_trim/pufferfish.ui.webp,sim
02_Gold_Trim,rabbit_gold_trim,rabbit,Gold-trim Rabbit,02_Gold_Trim/rabbit_gold_trim.webp,sim,não,https://s3.mope.io/mope-prod/items/rabbit_gold_trim/rabbit.ui.webp,sim
02_Gold_Trim,rattle_snake_gold_trim,rattle_snake,Gold-trim Rattle Snake,02_Gold_Trim/rattle_snake_gold_trim.webp,sim,não,https://s3.mope.io/mope-prod/items/rattle_snake_gold_trim/rattle_snake.ui.webp,sim
02_Gold_Trim,reindeer_gold_trim,reindeer,Gold-trim Reindeer,02_Gold_Trim/reindeer_gold_trim.webp,sim,não,https://s3.mope.io/mope-prod/items/reindeer_gold_trim/reindeer.ui.webp,sim
02_Gold_Trim,rhinoceros_gold_trim,rhinoceros,Gold-trim Rhino,02_Gold_Trim/rhinoceros_gold_trim.webp,sim,não,https://s3.mope.io/mope-prod/items/rhinoceros_gold_trim/rhinoceros.ui.webp,sim
02_Gold_Trim,sea_horse_gold_trim,sea_horse,Gold-trim Seahorse,02_Gold_Trim/sea_horse_gold_trim.webp,sim,não,https://s3.mope.io/mope-prod/items/sea_horse_gold_trim/sea_horse.ui.webp,sim
02_Gold_Trim,seal_gold_trim,seal,Gold-trim Seal,02_Gold_Trim/seal_gold_trim.webp,sim,não,https://s3.mope.io/mope-prod/items/seal_gold_trim/seal.ui.webp,sim
02_Gold_Trim,shark_gold_trim,shark,Gold-trim Shark,02_Gold_Trim/shark_gold_trim.webp,sim,não,https://s3.mope.io/mope-prod/items/shark_gold_trim/shark.ui.webp,sim
02_Gold_Trim,shrimp_gold_trim,shrimp,Gold-trim Shrimp,02_Gold_Trim/shrimp_gold_trim.webp,sim,não,https://s3.mope.io/mope-prod/items/shrimp_gold_trim/shrimp.ui.webp,sim
02_Gold_Trim,snow_leopard_gold_trim,snow_leopard,Gold-trim Snow Leopard,02_Gold_Trim/snow_leopard_gold_trim.webp,sim,não,https://s3.mope.io/mope-prod/items/snow_leopard_gold_trim/snow_leopard.ui.webp,sim
02_Gold_Trim,snowy_owl_gold_trim,snowy_owl,Gold-trim Snowy Owl,02_Gold_Trim/snowy_owl_gold_trim.webp,sim,não,https://s3.mope.io/mope-prod/items/snowy_owl_gold_trim/snowy_owl.ui.webp,sim
02_Gold_Trim,squid_gold_trim,squid,Gold-trim Squid,02_Gold_Trim/squid_gold_trim.webp,sim,não,https://s3.mope.io/mope-prod/items/squid_gold_trim/squid.ui.webp,sim
02_Gold_Trim,stingray_gold_trim,stingray,Gold-trim Stingray,02_Gold_Trim/stingray_gold_trim.webp,sim,não,https://s3.mope.io/mope-prod/items/stingray_gold_trim/stingray.ui.webp,sim
02_Gold_Trim,swordfish_gold_trim,swordfish,Gold-trim Swordfish,02_Gold_Trim/swordfish_gold_trim.webp,sim,não,https://s3.mope.io/mope-prod/items/swordfish_gold_trim/swordfish.ui.webp,sim
02_Gold_Trim,tiger_gold_trim,tiger,Gold-trim Tiger,02_Gold_Trim/tiger_gold_trim.webp,sim,não,https://s3.mope.io/mope-prod/items/tiger_gold_trim/tiger.ui.webp,sim
02_Gold_Trim,toucan_gold_trim,toucan,Gold-trim Toucan,02_Gold_Trim/toucan_gold_trim.webp,sim,não,https://s3.mope.io/mope-prod/items/toucan_gold_trim/toucan.ui.webp,sim
02_Gold_Trim,trout_gold_trim,trout,Gold-trim Trout,02_Gold_Trim/trout_gold_trim.webp,sim,não,https://s3.mope.io/mope-prod/items/trout_gold_trim/trout.ui.webp,sim
02_Gold_Trim,turtle_gold_trim,turtle,Gold-trim Turtle,02_Gold_Trim/turtle_gold_trim.webp,sim,não,https://s3.mope.io/mope-prod/items/turtle_gold_trim/turtle.ui.webp,sim
02_Gold_Trim,vulture_gold_trim,vulture,Gold-trim Vulture,02_Gold_Trim/vulture_gold_trim.webp,sim,não,https://s3.mope.io/mope-prod/items/vulture_gold_trim/vulture.ui.webp,sim
02_Gold_Trim,walrus_gold_trim,walrus,Gold-trim Walrus,02_Gold_Trim/walrus_gold_trim.webp,sim,não,https://s3.mope.io/mope-prod/items/walrus_gold_trim/walrus.ui.webp,sim
02_Gold_Trim,warthog_gold_trim,warthog,Gold-trim Warthog,02_Gold_Trim/warthog_gold_trim.webp,sim,não,https://s3.mope.io/mope-prod/items/warthog_gold_trim/warthog.ui.webp,sim
02_Gold_Trim,wolf_gold_trim,wolf,Gold-trim Wolf,02_Gold_Trim/wolf_gold_trim.webp,sim,não,https://s3.mope.io/mope-prod/items/wolf_gold_trim/wolf.ui.webp,sim
02_Gold_Trim,wolverine_gold_trim,wolverine,Gold-trim Wolverine,02_Gold_Trim/wolverine_gold_trim.webp,sim,não,https://s3.mope.io/mope-prod/items/wolverine_gold_trim/wolverine.ui.webp,sim
02_Gold_Trim,woodpecker_gold_trim,woodpecker,Gold-trim Woodpecker,02_Gold_Trim/woodpecker_gold_trim.webp,sim,não,https://s3.mope.io/mope-prod/items/woodpecker_gold_trim/woodpecker.ui.webp,sim
02_Gold_Trim,zebra_gold_trim,zebra,Gold-trim Zebra,02_Gold_Trim/zebra_gold_trim.webp,sim,não,https://s3.mope.io/mope-prod/items/zebra_gold_trim/zebra.ui.webp,sim
03_Gold,black_dragon_gold,black_dragon,Golden Black Dragon,03_Gold/black_dragon_gold.webp,sim,não,https://s3.mope.io/mope-prod/items/black_dragon_gold/black_dragon.ui.webp,sim
03_Gold,black_widow_gold,black_widow,Golden Blackwidow,03_Gold/black_widow_gold.webp,sim,não,https://s3.mope.io/mope-prod/items/black_widow_gold/black_widow.ui.webp,sim
03_Gold,blue_whale_gold,blue_whale,Golden Blue Whale,03_Gold/blue_whale_gold.webp,sim,não,https://s3.mope.io/mope-prod/items/blue_whale_gold/blue_whale.ui.webp,sim
03_Gold,boa_gold,boa,Golden Boa,03_Gold/boa_gold.webp,sim,não,https://s3.mope.io/mope-prod/items/boa_gold/boa.ui.webp,sim
03_Gold,cassowary_gold,cassowary,Golden Cassowary,03_Gold/cassowary_gold.webp,sim,não,https://s3.mope.io/mope-prod/items/cassowary_gold/cassowary.ui.webp,sim
03_Gold,king_crab_gold,king_crab,Golden Crab,03_Gold/king_crab_gold.webp,sim,não,https://s3.mope.io/mope-prod/items/king_crab_gold/king_crab.ui.webp,sim
03_Gold,markhor_golden_devil_goat,markhor,Golden Devil Goat,03_Gold/markhor_golden_devil_goat.webp,sim,não,https://s3.mope.io/mope-prod/items/markhor_golden_devil_goat/markhor.ui.webp,sim
03_Gold,dino_monster_gold,dino_monster,Golden Dino Monster,03_Gold/dino_monster_gold.webp,sim,não,https://s3.mope.io/mope-prod/items/dino_monster_gold/dino_monster.ui.webp,sim
03_Gold,dragon_gold,dragon,Golden Dragon,03_Gold/dragon_gold.webp,sim,não,https://s3.mope.io/mope-prod/items/dragon_gold/dragon.ui.webp,sim
03_Gold,elephant_gold,elephant,Golden Elephant,03_Gold/elephant_gold.webp,sim,não,https://s3.mope.io/mope-prod/items/elephant_gold/elephant.ui.webp,sim
03_Gold,giant_scorpion_golden,giant_scorpion,Golden Giant Scorpion,03_Gold/giant_scorpion_golden.webp,sim,não,https://s3.mope.io/mope-prod/items/giant_scorpion_golden/giant_scorpion.ui.webp,sim
03_Gold,giant_spider_gold,giant_spider,Golden Giant Spider,03_Gold/giant_spider_gold.webp,sim,não,https://s3.mope.io/mope-prod/items/giant_spider_gold/giant_spider.ui.webp,sim
03_Gold,hippopotamus_gold,hippopotamus,Golden Hippo,03_Gold/hippopotamus_gold.webp,sim,não,https://s3.mope.io/mope-prod/items/hippopotamus_gold/hippopotamus.ui.webp,sim
03_Gold,ice_monster_gold,ice_monster,Golden Ice Monster,03_Gold/ice_monster_gold.webp,sim,não,https://s3.mope.io/mope-prod/items/ice_monster_gold/ice_monster.ui.webp,sim
03_Gold,orca_gold,orca,Golden Killer Whale,03_Gold/orca_gold.webp,sim,não,https://s3.mope.io/mope-prod/items/orca_gold/orca.ui.webp,sim
03_Gold,king_dragon_gold,king_dragon,Golden King Dragon,03_Gold/king_dragon_gold.webp,sim,não,https://s3.mope.io/mope-prod/items/king_dragon_gold/king_dragon.ui.webp,sim
03_Gold,komodo_dragon_gold,komodo_dragon,Golden Komodo,03_Gold/komodo_dragon_gold.webp,sim,não,https://s3.mope.io/mope-prod/items/komodo_dragon_gold/komodo_dragon.ui.webp,sim
03_Gold,kraken_gold,kraken,Golden Kraken,03_Gold/kraken_gold.webp,sim,não,https://s3.mope.io/mope-prod/items/kraken_gold/kraken.ui.webp,sim
03_Gold,lava_monster_gold,lava_monster,Golden Land Monster,03_Gold/lava_monster_gold.webp,sim,não,https://s3.mope.io/mope-prod/items/lava_monster_gold/lava_monster.ui.webp,sim
03_Gold,mammoth_gold,mammoth,Golden Mammoth,03_Gold/mammoth_gold.webp,sim,não,https://s3.mope.io/mope-prod/items/mammoth_gold/mammoth.ui.webp,sim
03_Gold,mouse_gold,mouse,Golden Mouse,03_Gold/mouse_gold.webp,sim,não,https://s3.mope.io/mope-prod/items/mouse_gold/mouse.ui.webp,sim
03_Gold,ostrich_gold,ostrich,Golden Ostrich,03_Gold/ostrich_gold.webp,sim,não,https://s3.mope.io/mope-prod/items/ostrich_gold/ostrich.ui.webp,sim
03_Gold,phoenix_gold,phoenix,Golden Phoenix,03_Gold/phoenix_gold.webp,sim,não,https://s3.mope.io/mope-prod/items/phoenix_gold/phoenix.ui.webp,sim
03_Gold,pterodactyl_gold,pterodactyl,Golden Pterodactyl,03_Gold/pterodactyl_gold.webp,sim,não,https://s3.mope.io/mope-prod/items/pterodactyl_gold/pterodactyl.ui.webp,sim
03_Gold,sabertooth_tiger_gold,sabertooth_tiger,Golden Sabertooth,03_Gold/sabertooth_tiger_gold.webp,sim,não,https://s3.mope.io/mope-prod/items/sabertooth_tiger_gold/sabertooth_tiger.ui.webp,sim
03_Gold,sea_monster_gold,sea_monster,Golden Sea Monster,03_Gold/sea_monster_gold.webp,sim,não,https://s3.mope.io/mope-prod/items/sea_monster_gold/sea_monster.ui.webp,sim
03_Gold,trex_gold,trex,Golden T-Rex,03_Gold/trex_gold.webp,sim,não,https://s3.mope.io/mope-prod/items/trex_gold/trex.ui.webp,sim
03_Gold,yeti_gold,yeti,Golden Yeti,03_Gold/yeti_gold.webp,sim,não,https://s3.mope.io/mope-prod/items/yeti_gold/yeti.ui.webp,sim
04_Halloween,kraken_hw2023_beach_battle,kraken,Beach Battle Kraken,04_Halloween/kraken_hw2023_beach_battle.webp,não,não,https://s3.mope.io/mope-prod/items/kraken_hw2023_beach_battle/kraken.ui.webp,sim
04_Halloween,cheetah_halloween_cookie,cheetah,Big Cookie,04_Halloween/cheetah_halloween_cookie.webp,não,não,https://s3.mope.io/mope-prod/items/cheetah_halloween_cookie/cheetah.ui.webp,sim
04_Halloween,black_widow_hw2023_bot_x303,black_widow,Bot X-303,04_Halloween/black_widow_hw2023_bot_x303.webp,não,não,https://s3.mope.io/mope-prod/items/black_widow_hw2023_bot_x303/black_widow.ui.webp,sim
04_Halloween,kangaroo_rat_halloween_cacti,kangaroo_rat,Cacti Rat,04_Halloween/kangaroo_rat_halloween_cacti.webp,não,não,https://s3.mope.io/mope-prod/items/kangaroo_rat_halloween_cacti/kangaroo_rat.ui.webp,sim
04_Halloween,warthog_candy_corn,warthog,Candy Corn Warthog,04_Halloween/warthog_candy_corn.webp,sim,não,https://s3.mope.io/mope-prod/items/warthog_candy_corn/warthog.ui.webp,sim
04_Halloween,walrus_halloween_candy_rus,walrus,Candy Rus,04_Halloween/walrus_halloween_candy_rus.webp,não,não,https://s3.mope.io/mope-prod/items/walrus_halloween_candy_rus/walrus.ui.webp,sim
04_Halloween,pterodactyl_halloween_carnageodactyl,pterodactyl,Carnageodactyl,04_Halloween/pterodactyl_halloween_carnageodactyl.webp,não,não,https://s3.mope.io/mope-prod/items/pterodactyl_halloween_carnageodactyl/pterodactyl.ui.webp,sim
04_Halloween,elephant_hw2023_carnival,elephant,Carnival Elephant,04_Halloween/elephant_hw2023_carnival.webp,não,não,https://s3.mope.io/mope-prod/items/elephant_hw2023_carnival/elephant.ui.webp,sim
04_Halloween,trout_hw2023_dr_lochness,trout,Dr. Lochness,04_Halloween/trout_hw2023_dr_lochness.webp,não,não,https://s3.mope.io/mope-prod/items/trout_hw2023_dr_lochness/trout.ui.webp,sim
04_Halloween,donkey_halloween_equusthulhu,donkey,Equusthulhu,04_Halloween/donkey_halloween_equusthulhu.webp,não,não,https://s3.mope.io/mope-prod/items/donkey_halloween_equusthulhu/donkey.ui.webp,sim
04_Halloween,gazelle_halloween_flammy_hart,gazelle,Flammy Hart,04_Halloween/gazelle_halloween_flammy_hart.webp,não,não,https://s3.mope.io/mope-prod/items/gazelle_halloween_flammy_hart/gazelle.ui.webp,sim
04_Halloween,snow_leopard_halloween_frostaline,snow_leopard,Frostaline,04_Halloween/snow_leopard_halloween_frostaline.webp,não,não,https://s3.mope.io/mope-prod/items/snow_leopard_halloween_frostaline/snow_leopard.ui.webp,sim
04_Halloween,lion_ghastly_jade,lion,Ghastly Jade Lion,04_Halloween/lion_ghastly_jade.webp,sim,não,https://s3.mope.io/mope-prod/items/lion_ghastly_jade/lion.ui.webp,sim
04_Halloween,gorilla_halloween_grim_ripper,gorilla,Grim Reaper,04_Halloween/gorilla_halloween_grim_ripper.webp,não,não,https://s3.mope.io/mope-prod/items/gorilla_halloween_grim_ripper/gorilla.ui.webp,sim
04_Halloween,rattle_snake_halloween_gummy_viper,rattle_snake,Gummy Viper,04_Halloween/rattle_snake_halloween_gummy_viper.webp,não,não,https://s3.mope.io/mope-prod/items/rattle_snake_halloween_gummy_viper/rattle_snake.ui.webp,sim
04_Halloween,pig_hampire,pig,Hampire,04_Halloween/pig_hampire.webp,sim,não,https://s3.mope.io/mope-prod/items/pig_hampire/pig.ui.webp,sim
04_Halloween,gorilla_hw2023_mafia,gorilla,Mafia Gorilla,04_Halloween/gorilla_hw2023_mafia.webp,não,não,https://s3.mope.io/mope-prod/items/gorilla_hw2023_mafia/gorilla.ui.webp,sim
04_Halloween,blue_whale_hw2023_molten_frost,blue_whale,Molten Frost Whale,04_Halloween/blue_whale_hw2023_molten_frost.webp,não,não,https://s3.mope.io/mope-prod/items/blue_whale_hw2023_molten_frost/blue_whale.ui.webp,sim
04_Halloween,trex_halloween_mr_dollar,trex,Mr. Dollar,04_Halloween/trex_halloween_mr_dollar.webp,não,não,https://s3.mope.io/mope-prod/items/trex_halloween_mr_dollar/trex.ui.webp,sim
04_Halloween,gorilla_phantom,gorilla,Phantom Gorilla,04_Halloween/gorilla_phantom.webp,sim,não,https://s3.mope.io/mope-prod/items/gorilla_phantom/gorilla.ui.webp,sim
04_Halloween,stingray_halloween_phantom_ray,stingray,Phantom Ray,04_Halloween/stingray_halloween_phantom_ray.webp,não,não,https://s3.mope.io/mope-prod/items/stingray_halloween_phantom_ray/stingray.ui.webp,sim
04_Halloween,pufferfish_halloween_mace,pufferfish,Puffermace,04_Halloween/pufferfish_halloween_mace.webp,não,não,https://s3.mope.io/mope-prod/items/pufferfish_halloween_mace/pufferfish.ui.webp,sim
04_Halloween,meerkat_halloween_puumpkat,meerkat,Puumpkat,04_Halloween/meerkat_halloween_puumpkat.webp,não,não,https://s3.mope.io/mope-prod/items/meerkat_halloween_puumpkat/meerkat.ui.webp,sim
04_Halloween,mouse_halloween_robo,mouse,Robo Mouse,04_Halloween/mouse_halloween_robo.webp,não,não,https://s3.mope.io/mope-prod/items/mouse_halloween_robo/mouse.ui.webp,sim
04_Halloween,crocodile_hw2023_sharkodile,crocodile,Sharkodile,04_Halloween/crocodile_hw2023_sharkodile.webp,não,não,https://s3.mope.io/mope-prod/items/crocodile_hw2023_sharkodile/crocodile.ui.webp,sim
04_Halloween,swordfish_hw2023_soda_fish,swordfish,Sodafish,04_Halloween/swordfish_hw2023_soda_fish.webp,não,não,https://s3.mope.io/mope-prod/items/swordfish_hw2023_soda_fish/swordfish.ui.webp,sim
04_Halloween,lava_monster_hw2023_solar_wyvern,lava_monster,Solar Wyvern,04_Halloween/lava_monster_hw2023_solar_wyvern.webp,não,não,https://s3.mope.io/mope-prod/items/lava_monster_hw2023_solar_wyvern/lava_monster.ui.webp,sim
04_Halloween,bear_hw2023_spooky,bear,Spooky Bear,04_Halloween/bear_hw2023_spooky.webp,não,não,https://s3.mope.io/mope-prod/items/bear_hw2023_spooky/bear.ui.webp,sim
04_Halloween,dragon_hw2023_storm,dragon,Storm Dragon,04_Halloween/dragon_hw2023_storm.webp,não,não,https://s3.mope.io/mope-prod/items/dragon_hw2023_storm/dragon.ui.webp,sim
04_Halloween,hippopotamus_halloween_hi_power,hippopotamus,Swampster,04_Halloween/hippopotamus_halloween_hi_power.webp,não,não,https://s3.mope.io/mope-prod/items/hippopotamus_halloween_hi_power/hippopotamus.ui.webp,sim
04_Halloween,warthog_halloween_burlone,warthog,The Burlone,04_Halloween/warthog_halloween_burlone.webp,não,não,https://s3.mope.io/mope-prod/items/warthog_halloween_burlone/warthog.ui.webp,sim
04_Halloween,toucan_halloween_suited,toucan,The Dapper,04_Halloween/toucan_halloween_suited.webp,não,não,https://s3.mope.io/mope-prod/items/toucan_halloween_suited/toucan.ui.webp,sim
04_Halloween,camel_halloween_doomedarius,camel,The Doomedarius,04_Halloween/camel_halloween_doomedarius.webp,não,não,https://s3.mope.io/mope-prod/items/camel_halloween_doomedarius/camel.ui.webp,sim
04_Halloween,dragon_halloween_gargolgon,dragon,The Gargon,04_Halloween/dragon_halloween_gargolgon.webp,não,não,https://s3.mope.io/mope-prod/items/dragon_halloween_gargolgon/dragon.ui.webp,sim
04_Halloween,lion_halloween_mantilian,lion,The Mantilian,04_Halloween/lion_halloween_mantilian.webp,não,não,https://s3.mope.io/mope-prod/items/lion_halloween_mantilian/lion.ui.webp,sim
04_Halloween,vulture_halloween_vulgeist,vulture,The Vulgeist,04_Halloween/vulture_halloween_vulgeist.webp,não,não,https://s3.mope.io/mope-prod/items/vulture_halloween_vulgeist/vulture.ui.webp,sim
04_Halloween,deer_halloween_wendigo,deer,The Wendigo,04_Halloween/deer_halloween_wendigo.webp,não,não,https://s3.mope.io/mope-prod/items/deer_halloween_wendigo/deer.ui.webp,sim
04_Halloween,crocodile_halloween_uncle_sam,crocodile,Uncle Sam,04_Halloween/crocodile_halloween_uncle_sam.webp,não,não,https://s3.mope.io/mope-prod/items/crocodile_halloween_uncle_sam/crocodile.ui.webp,sim
04_Halloween,zebra_halloween_unicornze,zebra,Unicornze,04_Halloween/zebra_halloween_unicornze.webp,não,não,https://s3.mope.io/mope-prod/items/zebra_halloween_unicornze/zebra.ui.webp,sim
04_Halloween,cheetah_witch,cheetah,Witch Cat,04_Halloween/cheetah_witch.webp,sim,não,https://s3.mope.io/mope-prod/items/cheetah_witch/cheetah.ui.webp,sim
04_Halloween,cobra_halloween_wyrmous,cobra,Wyrmous,04_Halloween/cobra_halloween_wyrmous.webp,não,não,https://s3.mope.io/mope-prod/items/cobra_halloween_wyrmous/cobra.ui.webp,sim
04_Halloween,mole_halloween_zombie,mole,Zombie Mole,04_Halloween/mole_halloween_zombie.webp,não,não,https://s3.mope.io/mope-prod/items/mole_halloween_zombie/mole.ui.webp,sim
05_10_Anos_Aniversario_2026,dragon_baby_bd,dragon,Baby Black Dragon,05_10_Anos_Aniversario_2026/dragon_baby_bd.webp,não,sim,https://s3.mope.io/mope-prod/items/dragon_baby_bd/dragon.ui.webp,sim
05_10_Anos_Aniversario_2026,king_crab_behemoth,king_crab,Behemoth King Crab,05_10_Anos_Aniversario_2026/king_crab_behemoth.webp,não,sim,https://s3.mope.io/mope-prod/items/king_crab_behemoth/king_crab.ui.webp,sim
05_10_Anos_Aniversario_2026,donkey_big_pinata,donkey,Big Pinata,05_10_Anos_Aniversario_2026/donkey_big_pinata.webp,não,sim,https://s3.mope.io/mope-prod/items/donkey_big_pinata/donkey.ui.webp,sim
05_10_Anos_Aniversario_2026,eagle_blue_firework,eagle,Blue Firework Eagle,05_10_Anos_Aniversario_2026/eagle_blue_firework.webp,não,sim,https://s3.mope.io/mope-prod/items/eagle_blue_firework/eagle.ui.webp,sim
05_10_Anos_Aniversario_2026,black_dragon_classiccolossal,black_dragon,Classic Colossal,05_10_Anos_Aniversario_2026/black_dragon_classiccolossal.webp,não,sim,https://s3.mope.io/mope-prod/items/black_dragon_classiccolossal/black_dragon.ui.webp,sim
05_10_Anos_Aniversario_2026,ice_monster_cupcake,ice_monster,Cupcake Monster,05_10_Anos_Aniversario_2026/ice_monster_cupcake.webp,não,sim,https://s3.mope.io/mope-prod/items/ice_monster_cupcake/ice_monster.ui.webp,sim
05_10_Anos_Aniversario_2026,boa_donut,boa,Donut Boa,05_10_Anos_Aniversario_2026/boa_donut.webp,não,sim,https://s3.mope.io/mope-prod/items/boa_donut/boa.ui.webp,sim
05_10_Anos_Aniversario_2026,dragon_legacy,dragon,Legacy Dragon,05_10_Anos_Aniversario_2026/dragon_legacy.webp,não,sim,https://s3.mope.io/mope-prod/items/dragon_legacy/dragon.ui.webp,sim
05_10_Anos_Aniversario_2026,dragon_pike,dragon,Pike Dragon,05_10_Anos_Aniversario_2026/dragon_pike.webp,não,sim,https://s3.mope.io/mope-prod/items/dragon_pike/dragon.ui.webp,sim
05_10_Anos_Aniversario_2026,eagle_red_firework,eagle,Red Firework Eagle,05_10_Anos_Aniversario_2026/eagle_red_firework.webp,não,sim,https://s3.mope.io/mope-prod/items/eagle_red_firework/eagle.ui.webp,sim
05_10_Anos_Aniversario_2026,black_dragon_streamline,black_dragon,Streamline Black Dragon,05_10_Anos_Aniversario_2026/black_dragon_streamline.webp,não,sim,https://s3.mope.io/mope-prod/items/black_dragon_streamline/black_dragon.ui.webp,sim
05_10_Anos_Aniversario_2026,phoenix_sundown_flames,phoenix,Sundown Flames,05_10_Anos_Aniversario_2026/phoenix_sundown_flames.webp,não,sim,https://s3.mope.io/mope-prod/items/phoenix_sundown_flames/phoenix.ui.webp,sim
05_10_Anos_Aniversario_2026,kraken_volcanic,kraken,Volcanic Kraken,05_10_Anos_Aniversario_2026/kraken_volcanic.webp,não,sim,https://s3.mope.io/mope-prod/items/kraken_volcanic/kraken.ui.webp,sim
05_10_Anos_Aniversario_2026,trex_wrapped_tor,trex,Wrapped-tor,05_10_Anos_Aniversario_2026/trex_wrapped_tor.webp,não,sim,https://s3.mope.io/mope-prod/items/trex_wrapped_tor/trex.ui.webp,sim
06_Verao_2021,sea_monster_summer21,sea_monster,Ancient Tortoise,06_Verao_2021/sea_monster_summer21.webp,não,não,https://s3.mope.io/mope-prod/items/sea_monster_summer21/sea_monster.ui.webp,sim
06_Verao_2021,camel_summer21,camel,Balloon Warrior,06_Verao_2021/camel_summer21.webp,não,não,https://s3.mope.io/mope-prod/items/camel_summer21/camel.ui.webp,sim
06_Verao_2021,crocodile_summer21,crocodile,Big Hoss,06_Verao_2021/crocodile_summer21.webp,não,não,https://s3.mope.io/mope-prod/items/crocodile_summer21/crocodile.ui.webp,sim
06_Verao_2021,mouse_summer21_bubbly,mouse,Bubbly Mouse,06_Verao_2021/mouse_summer21_bubbly.webp,não,não,https://s3.mope.io/mope-prod/items/mouse_summer21_bubbly/mouse.ui.webp,sim
06_Verao_2021,shrimp_summer21,shrimp,Chef Shrimp,06_Verao_2021/shrimp_summer21.webp,não,não,https://s3.mope.io/mope-prod/items/shrimp_summer21/shrimp.ui.webp,sim
06_Verao_2021,stingray_summer21_chocolate,stingray,Chocolate Ray,06_Verao_2021/stingray_summer21_chocolate.webp,não,não,https://s3.mope.io/mope-prod/items/stingray_summer21_chocolate/stingray.ui.webp,sim
06_Verao_2021,crab_summer21,crab,Coconut Crab,06_Verao_2021/crab_summer21.webp,não,não,https://s3.mope.io/mope-prod/items/crab_summer21/crab.ui.webp,sim
06_Verao_2021,polar_bear_summer21_connoisseur,polar_bear,Cola Connoisseur,06_Verao_2021/polar_bear_summer21_connoisseur.webp,não,não,https://s3.mope.io/mope-prod/items/polar_bear_summer21_connoisseur/polar_bear.ui.webp,sim
06_Verao_2021,snow_leopard_summer21_coral_queen,snow_leopard,Coral Queen,06_Verao_2021/snow_leopard_summer21_coral_queen.webp,não,não,https://s3.mope.io/mope-prod/items/snow_leopard_summer21_coral_queen/snow_leopard.ui.webp,sim
06_Verao_2021,chicken_summer21,chicken,Countryside Chick,06_Verao_2021/chicken_summer21.webp,não,não,https://s3.mope.io/mope-prod/items/chicken_summer21/chicken.ui.webp,sim
06_Verao_2021,ice_monster_summer21,ice_monster,Cryo Coach Monster,06_Verao_2021/ice_monster_summer21.webp,não,não,https://s3.mope.io/mope-prod/items/ice_monster_summer21/ice_monster.ui.webp,sim
06_Verao_2021,hyena_summer21,hyena,DJ Hyena,06_Verao_2021/hyena_summer21.webp,não,não,https://s3.mope.io/mope-prod/items/hyena_summer21/hyena.ui.webp,sim
06_Verao_2021,gorilla_summer21,gorilla,Explorer Ape,06_Verao_2021/gorilla_summer21.webp,não,não,https://s3.mope.io/mope-prod/items/gorilla_summer21/gorilla.ui.webp,sim
06_Verao_2021,muskox_summer21_firework_ox,muskox,Fireworks Ox,06_Verao_2021/muskox_summer21_firework_ox.webp,não,não,https://s3.mope.io/mope-prod/items/muskox_summer21_firework_ox/muskox.ui.webp,sim
06_Verao_2021,warthog_summer21,warthog,Flame Tiki,06_Verao_2021/warthog_summer21.webp,não,não,https://s3.mope.io/mope-prod/items/warthog_summer21/warthog.ui.webp,sim
06_Verao_2021,pig_summer21,pig,Floaty Pig,06_Verao_2021/pig_summer21.webp,não,não,https://s3.mope.io/mope-prod/items/pig_summer21/pig.ui.webp,sim
06_Verao_2021,arctic_fox_summer21,arctic_fox,Forest Spirit Fox,06_Verao_2021/arctic_fox_summer21.webp,não,não,https://s3.mope.io/mope-prod/items/arctic_fox_summer21/arctic_fox.ui.webp,sim
06_Verao_2021,markhor_summer21,markhor,Fruity Ice Markhor,06_Verao_2021/markhor_summer21.webp,não,não,https://s3.mope.io/mope-prod/items/markhor_summer21/markhor.ui.webp,sim
06_Verao_2021,octopus_summer21,octopus,Fuchsia Tiger,06_Verao_2021/octopus_summer21.webp,não,não,https://s3.mope.io/mope-prod/items/octopus_summer21/octopus.ui.webp,sim
06_Verao_2021,seal_summer21,seal,Hawaiian Monk,06_Verao_2021/seal_summer21.webp,não,não,https://s3.mope.io/mope-prod/items/seal_summer21/seal.ui.webp,sim
06_Verao_2021,turtle_summer21,turtle,Kiwi Turtle,06_Verao_2021/turtle_summer21.webp,não,não,https://s3.mope.io/mope-prod/items/turtle_summer21/turtle.ui.webp,sim
06_Verao_2021,elephant_summer21,elephant,Leiphant,06_Verao_2021/elephant_summer21.webp,não,não,https://s3.mope.io/mope-prod/items/elephant_summer21/elephant.ui.webp,sim
06_Verao_2021,orca_summer21,orca,Lifeguard Orca,06_Verao_2021/orca_summer21.webp,não,não,https://s3.mope.io/mope-prod/items/orca_summer21/orca.ui.webp,sim
06_Verao_2021,mammoth_summer21,mammoth,Lost Tourist,06_Verao_2021/mammoth_summer21.webp,não,não,https://s3.mope.io/mope-prod/items/mammoth_summer21/mammoth.ui.webp,sim
06_Verao_2021,blue_whale_summer21_mermaid,blue_whale,Mermaid Whale,06_Verao_2021/blue_whale_summer21_mermaid.webp,não,não,https://s3.mope.io/mope-prod/items/blue_whale_summer21_mermaid/blue_whale.ui.webp,sim
06_Verao_2021,pufferfish_summer21,pufferfish,Omniball Puffer,06_Verao_2021/pufferfish_summer21.webp,não,não,https://s3.mope.io/mope-prod/items/pufferfish_summer21/pufferfish.ui.webp,sim
06_Verao_2021,wolf_summer21,wolf,Pineapple Wolf,06_Verao_2021/wolf_summer21.webp,não,não,https://s3.mope.io/mope-prod/items/wolf_summer21/wolf.ui.webp,sim
06_Verao_2021,chipmunk_summer21_playful,chipmunk,Playful Munk,06_Verao_2021/chipmunk_summer21_playful.webp,não,não,https://s3.mope.io/mope-prod/items/chipmunk_summer21_playful/chipmunk.ui.webp,sim
06_Verao_2021,zebra_summer21,zebra,Playground Zebra,06_Verao_2021/zebra_summer21.webp,não,não,https://s3.mope.io/mope-prod/items/zebra_summer21/zebra.ui.webp,sim
06_Verao_2021,trout_summer21_popsicle,trout,Popsicle Trout,06_Verao_2021/trout_summer21_popsicle.webp,não,não,https://s3.mope.io/mope-prod/items/trout_summer21_popsicle/trout.ui.webp,sim
06_Verao_2021,meerkat_summer21,meerkat,Scubakat,06_Verao_2021/meerkat_summer21.webp,não,não,https://s3.mope.io/mope-prod/items/meerkat_summer21/meerkat.ui.webp,sim
06_Verao_2021,squid_summer21,squid,Seacoast Squid,06_Verao_2021/squid_summer21.webp,não,não,https://s3.mope.io/mope-prod/items/squid_summer21/squid.ui.webp,sim
06_Verao_2021,jellyfish_summer21_seafoam,jellyfish,Seafoam Jellyfish,06_Verao_2021/jellyfish_summer21_seafoam.webp,não,não,https://s3.mope.io/mope-prod/items/jellyfish_summer21_seafoam/jellyfish.ui.webp,sim
06_Verao_2021,rhinoceros_summer21,rhinoceros,Shrub Rhino,06_Verao_2021/rhinoceros_summer21.webp,não,não,https://s3.mope.io/mope-prod/items/rhinoceros_summer21/rhinoceros.ui.webp,sim
06_Verao_2021,arctic_hare_summer21,arctic_hare,Snow Cone Hare,06_Verao_2021/arctic_hare_summer21.webp,não,não,https://s3.mope.io/mope-prod/items/arctic_hare_summer21/arctic_hare.ui.webp,sim
06_Verao_2021,snowy_owl_summer21,snowy_owl,Snowy Owrigami,06_Verao_2021/snowy_owl_summer21.webp,não,não,https://s3.mope.io/mope-prod/items/snowy_owl_summer21/snowy_owl.ui.webp,sim
06_Verao_2021,dragon_summer21_squishy,dragon,Squishy Dragon,06_Verao_2021/dragon_summer21_squishy.webp,não,não,https://s3.mope.io/mope-prod/items/dragon_summer21_squishy/dragon.ui.webp,sim
06_Verao_2021,kraken_summer21_squishy,kraken,Squishy Kraken,06_Verao_2021/kraken_summer21_squishy.webp,sim,não,https://s3.mope.io/mope-prod/items/kraken_summer21_squishy/kraken.ui.webp,sim
06_Verao_2021,yeti_summer21_squishy,yeti,Squishy Yeti,06_Verao_2021/yeti_summer21_squishy.webp,não,não,https://s3.mope.io/mope-prod/items/yeti_summer21_squishy/yeti.ui.webp,sim
06_Verao_2021,sabertooth_tiger_summer21_strawbertooth,sabertooth_tiger,Strawbertooth,06_Verao_2021/sabertooth_tiger_summer21_strawbertooth.webp,não,não,https://s3.mope.io/mope-prod/items/sabertooth_tiger_summer21_strawbertooth/sabertooth_tiger.ui.webp,sim
06_Verao_2021,reindeer_summer21_sunburn,reindeer,Sunburn Reindeer,06_Verao_2021/reindeer_summer21_sunburn.webp,não,não,https://s3.mope.io/mope-prod/items/reindeer_summer21_sunburn/reindeer.ui.webp,sim
06_Verao_2021,shark_summer21_surfboard_chomper,shark,Surfboard Chomper,06_Verao_2021/shark_summer21_surfboard_chomper.webp,não,não,https://s3.mope.io/mope-prod/items/shark_summer21_surfboard_chomper/shark.ui.webp,sim
06_Verao_2021,swordfish_summer21_surfboard,swordfish,Surfboardfish,06_Verao_2021/swordfish_summer21_surfboard.webp,não,não,https://s3.mope.io/mope-prod/items/swordfish_summer21_surfboard/swordfish.ui.webp,sim
06_Verao_2021,penguin_summer21_surfer,penguin,Surfer Penguin,06_Verao_2021/penguin_summer21_surfer.webp,não,não,https://s3.mope.io/mope-prod/items/penguin_summer21_surfer/penguin.ui.webp,sim
06_Verao_2021,walrus_summer21,walrus,Walrusmelon,06_Verao_2021/walrus_summer21.webp,não,não,https://s3.mope.io/mope-prod/items/walrus_summer21/walrus.ui.webp,sim
06_Verao_2021,sea_horse_summer21_water_gun,sea_horse,Water Gun Horse,06_Verao_2021/sea_horse_summer21_water_gun.webp,não,não,https://s3.mope.io/mope-prod/items/sea_horse_summer21_water_gun/sea_horse.ui.webp,sim
07_Dia_dos_Namorados_2023,gorilla_val23,gorilla,Valentine Gorilla,07_Dia_dos_Namorados_2023/gorilla_val23.webp,não,não,https://s3.mope.io/mope-prod/items/gorilla_val23/gorilla.ui.webp,sim
07_Dia_dos_Namorados_2023,mammoth_val23_mamoth,mammoth,Valentine Mammoth,07_Dia_dos_Namorados_2023/mammoth_val23_mamoth.webp,não,não,https://s3.mope.io/mope-prod/items/mammoth_val23_mamoth/mammoth.ui.webp,sim
07_Dia_dos_Namorados_2023,orca_val23,orca,Valentine Orca,07_Dia_dos_Namorados_2023/orca_val23.webp,não,não,https://s3.mope.io/mope-prod/items/orca_val23/orca.ui.webp,sim
07_Dia_dos_Namorados_2023,snow_leopard_val23,snow_leopard,Valentine Snow Leopard,07_Dia_dos_Namorados_2023/snow_leopard_val23.webp,não,não,https://s3.mope.io/mope-prod/items/snow_leopard_val23/snow_leopard.ui.webp,sim
07_Dia_dos_Namorados_2023,stingray_val23,stingray,Valentine Stingray,07_Dia_dos_Namorados_2023/stingray_val23.webp,não,não,https://s3.mope.io/mope-prod/items/stingray_val23/stingray.ui.webp,sim
07_Dia_dos_Namorados_2023,walrus_val23,walrus,Valentine Walrus,07_Dia_dos_Namorados_2023/walrus_val23.webp,não,não,https://s3.mope.io/mope-prod/items/walrus_val23/walrus.ui.webp,sim
07_Dia_dos_Namorados_2023,blue_whale_val23,blue_whale,Valentine Whale,07_Dia_dos_Namorados_2023/blue_whale_val23.webp,não,não,https://s3.mope.io/mope-prod/items/blue_whale_val23/blue_whale.ui.webp,sim
07_Dia_dos_Namorados_2023,wolverine_val23,wolverine,Valentine Wolverine,07_Dia_dos_Namorados_2023/wolverine_val23.webp,não,não,https://s3.mope.io/mope-prod/items/wolverine_val23/wolverine.ui.webp,sim
08_Natal_Inverno,swordfish_evergreen,swordfish,Evergreen Swordfish,08_Natal_Inverno/swordfish_evergreen.webp,sim,não,https://s3.mope.io/mope-prod/items/swordfish_evergreen/swordfish.ui.webp,sim
08_Natal_Inverno,penguin_gift_deliverer,penguin,Gift Deliverer Penguin,08_Natal_Inverno/penguin_gift_deliverer.webp,sim,não,https://s3.mope.io/mope-prod/items/penguin_gift_deliverer/penguin.ui.webp,sim
08_Natal_Inverno,kraken_xmas22_gingerbread,kraken,Gingerbread Kraken,08_Natal_Inverno/kraken_xmas22_gingerbread.webp,não,não,https://s3.mope.io/mope-prod/items/kraken_xmas22_gingerbread/kraken.ui.webp,sim
08_Natal_Inverno,trout_xmas22_ice_husk,trout,Ice Husk Trout,08_Natal_Inverno/trout_xmas22_ice_husk.webp,não,não,https://s3.mope.io/mope-prod/items/trout_xmas22_ice_husk/trout.ui.webp,sim
08_Natal_Inverno,rabbit_xmas22_jolly,rabbit,Jolly Rabbit,08_Natal_Inverno/rabbit_xmas22_jolly.webp,não,não,https://s3.mope.io/mope-prod/items/rabbit_xmas22_jolly/rabbit.ui.webp,sim
08_Natal_Inverno,markhor_krampus,markhor,Krampus Markhor,08_Natal_Inverno/markhor_krampus.webp,sim,não,https://s3.mope.io/mope-prod/items/markhor_krampus/markhor.ui.webp,sim
08_Natal_Inverno,mouse_ornamental,mouse,Mouse Ornamental,08_Natal_Inverno/mouse_ornamental.webp,sim,não,https://s3.mope.io/mope-prod/items/mouse_ornamental/mouse.ui.webp,sim
08_Natal_Inverno,lava_monster_xmas22_peppermint,lava_monster,Peppermint Lava Monster,08_Natal_Inverno/lava_monster_xmas22_peppermint.webp,não,não,https://s3.mope.io/mope-prod/items/lava_monster_xmas22_peppermint/lava_monster.ui.webp,sim
08_Natal_Inverno,dragon_santa,dragon,Santa Dragon,08_Natal_Inverno/dragon_santa.webp,não,não,https://s3.mope.io/mope-prod/items/dragon_santa/dragon.ui.webp,sim
09_Community_2025,black_dragon_community25_aurorablackdragon,black_dragon,Aurora Black Dragon,09_Community_2025/black_dragon_community25_aurorablackdragon.webp,sim,não,https://s3.mope.io/mope-prod/items/black_dragon_community25_aurorablackdragon/black_dragon.ui.webp,sim
09_Community_2025,phoenix_community25_celestialphoenix,phoenix,Celestial Phoenix,09_Community_2025/phoenix_community25_celestialphoenix.webp,sim,não,https://s3.mope.io/mope-prod/items/phoenix_community25_celestialphoenix/phoenix.ui.webp,sim
09_Community_2025,king_dragon_community25_kingnightbringer,king_dragon,King Nightbringer,09_Community_2025/king_dragon_community25_kingnightbringer.webp,não,não,https://s3.mope.io/mope-prod/items/king_dragon_community25_kingnightbringer/king_dragon.ui.webp,sim
09_Community_2025,lava_monster_community25_nebulamonster,lava_monster,Nebula Monster,09_Community_2025/lava_monster_community25_nebulamonster.webp,sim,não,https://s3.mope.io/mope-prod/items/lava_monster_community25_nebulamonster/lava_monster.ui.webp,sim
09_Community_2025,phoenix_community25_singularityphoenix,phoenix,Singularity Phoenix,09_Community_2025/phoenix_community25_singularityphoenix.webp,sim,não,https://s3.mope.io/mope-prod/items/phoenix_community25_singularityphoenix/phoenix.ui.webp,sim
09_Community_2025,dragon_community25_stardragon,dragon,Star Dragon,09_Community_2025/dragon_community25_stardragon.webp,sim,não,https://s3.mope.io/mope-prod/items/dragon_community25_stardragon/dragon.ui.webp,sim
09_Community_2025,toucan_community25_starlighttoucan,toucan,Starlight Toucan,09_Community_2025/toucan_community25_starlighttoucan.webp,sim,não,https://s3.mope.io/mope-prod/items/toucan_community25_starlighttoucan/toucan.ui.webp,sim
10_Outras_Skins,dragon_aberrant,dragon,Aberrant Dragon,10_Outras_Skins/dragon_aberrant.webp,sim,não,https://s3.mope.io/mope-prod/items/dragon_aberrant/dragon.ui.webp,sim
10_Outras_Skins,vulture_acid_husk,vulture,Acid Husk,10_Outras_Skins/vulture_acid_husk.webp,sim,não,https://s3.mope.io/mope-prod/items/vulture_acid_husk/vulture.ui.webp,sim
10_Outras_Skins,rhinoceros_acuti,rhinoceros,Acuti Rhino,10_Outras_Skins/rhinoceros_acuti.webp,sim,não,https://s3.mope.io/mope-prod/items/rhinoceros_acuti/rhinoceros.ui.webp,sim
10_Outras_Skins,blue_whale_albino,blue_whale,Albino Blue Whale,10_Outras_Skins/blue_whale_albino.webp,sim,não,https://s3.mope.io/mope-prod/items/blue_whale_albino/blue_whale.ui.webp,sim
10_Outras_Skins,orca_albino,orca,Albino Orca,10_Outras_Skins/orca_albino.webp,sim,não,https://s3.mope.io/mope-prod/items/orca_albino/orca.ui.webp,sim
10_Outras_Skins,phoenix_alpha,phoenix,Alpha Phoenix,10_Outras_Skins/phoenix_alpha.webp,sim,não,https://s3.mope.io/mope-prod/items/phoenix_alpha/phoenix.ui.webp,sim
10_Outras_Skins,king_crab_amethyst,king_crab,Amethyst Crab,10_Outras_Skins/king_crab_amethyst.webp,sim,não,https://s3.mope.io/mope-prod/items/king_crab_amethyst/king_crab.ui.webp,sim
10_Outras_Skins,ice_monster_amethyst,ice_monster,Amethyst Monster,10_Outras_Skins/ice_monster_amethyst.webp,não,não,https://s3.mope.io/mope-prod/items/ice_monster_amethyst/ice_monster.ui.webp,sim
10_Outras_Skins,phoenix_aqua,phoenix,Aqua Phoenix,10_Outras_Skins/phoenix_aqua.webp,sim,não,https://s3.mope.io/mope-prod/items/phoenix_aqua/phoenix.ui.webp,sim
10_Outras_Skins,pterodactyl_aqua,pterodactyl,Aqua Pterodactyl,10_Outras_Skins/pterodactyl_aqua.webp,não,não,https://s3.mope.io/mope-prod/items/pterodactyl_aqua/pterodactyl.ui.webp,sim
10_Outras_Skins,phoenix_ash,phoenix,Ash Phoenix,10_Outras_Skins/phoenix_ash.webp,sim,não,https://s3.mope.io/mope-prod/items/phoenix_ash/phoenix.ui.webp,sim
10_Outras_Skins,dragon_astral,dragon,Astral Dragon,10_Outras_Skins/dragon_astral.webp,não,não,https://s3.mope.io/mope-prod/items/dragon_astral/dragon.ui.webp,sim
10_Outras_Skins,phoenix_astral,phoenix,Astral Phoenix,10_Outras_Skins/phoenix_astral.webp,não,não,https://s3.mope.io/mope-prod/items/phoenix_astral/phoenix.ui.webp,sim
10_Outras_Skins,pig_bacon,pig,Bacon Pig,10_Outras_Skins/pig_bacon.webp,sim,não,https://s3.mope.io/mope-prod/items/pig_bacon/pig.ui.webp,sim
10_Outras_Skins,pufferfish_balloon,pufferfish,Balloon Pufferfish,10_Outras_Skins/pufferfish_balloon.webp,sim,não,https://s3.mope.io/mope-prod/items/pufferfish_balloon/pufferfish.ui.webp,sim
10_Outras_Skins,cassowary_basilisk,cassowary,Basilisk Cassowary,10_Outras_Skins/cassowary_basilisk.webp,sim,não,https://s3.mope.io/mope-prod/items/cassowary_basilisk/cassowary.ui.webp,sim
10_Outras_Skins,dragon_behemoth_hive,dragon,Behemoth Hive Dragon,10_Outras_Skins/dragon_behemoth_hive.webp,sim,não,https://s3.mope.io/mope-prod/items/dragon_behemoth_hive/dragon.ui.webp,sim
10_Outras_Skins,lava_monster_belphegor,lava_monster,Belphegor,10_Outras_Skins/lava_monster_belphegor.webp,sim,não,https://s3.mope.io/mope-prod/items/lava_monster_belphegor/lava_monster.ui.webp,sim
10_Outras_Skins,trex_bio_mutant_t_rex,trex,Bio Mutant T-rex,10_Outras_Skins/trex_bio_mutant_t_rex.webp,sim,não,https://s3.mope.io/mope-prod/items/trex_bio_mutant_t_rex/trex.ui.webp,sim
10_Outras_Skins,king_dragon_bday_mistik,king_dragon,Birthday Mistik,10_Outras_Skins/king_dragon_bday_mistik.webp,não,não,https://s3.mope.io/mope-prod/items/king_dragon_bday_mistik/king_dragon.ui.webp,sim
10_Outras_Skins,mammoth_black,mammoth,Black Mammoth,10_Outras_Skins/mammoth_black.webp,sim,não,https://s3.mope.io/mope-prod/items/mammoth_black/mammoth.ui.webp,sim
10_Outras_Skins,ice_monster_blazing,ice_monster,Blazing Ice Monster,10_Outras_Skins/ice_monster_blazing.webp,sim,não,https://s3.mope.io/mope-prod/items/ice_monster_blazing/ice_monster.ui.webp,sim
10_Outras_Skins,ice_monster_blood_crystal,ice_monster,Blood Crystal Monster,10_Outras_Skins/ice_monster_blood_crystal.webp,não,não,https://s3.mope.io/mope-prod/items/ice_monster_blood_crystal/ice_monster.ui.webp,sim
10_Outras_Skins,black_widow_bloodwidow_spider,black_widow,Bloodwidow Spider,10_Outras_Skins/black_widow_bloodwidow_spider.webp,sim,não,https://s3.mope.io/mope-prod/items/black_widow_bloodwidow_spider/black_widow.ui.webp,sim
10_Outras_Skins,phoenix_bonfire,phoenix,Bonfire Phoenix,10_Outras_Skins/phoenix_bonfire.webp,não,não,https://s3.mope.io/mope-prod/items/phoenix_bonfire/phoenix.ui.webp,sim
10_Outras_Skins,muskox_brazen_bull,muskox,Brazen Bull,10_Outras_Skins/muskox_brazen_bull.webp,sim,não,https://s3.mope.io/mope-prod/items/muskox_brazen_bull/muskox.ui.webp,sim
10_Outras_Skins,pig_butcher,pig,Butcher Pig,10_Outras_Skins/pig_butcher.webp,sim,não,https://s3.mope.io/mope-prod/items/pig_butcher/pig.ui.webp,sim
10_Outras_Skins,giant_scorpion_carnelian,giant_scorpion,Carnelian Scorpion,10_Outras_Skins/giant_scorpion_carnelian.webp,sim,não,https://s3.mope.io/mope-prod/items/giant_scorpion_carnelian/giant_scorpion.ui.webp,sim
10_Outras_Skins,rabbit_carrot,rabbit,Carrot Rabbit,10_Outras_Skins/rabbit_carrot.webp,sim,não,https://s3.mope.io/mope-prod/items/rabbit_carrot/rabbit.ui.webp,sim
10_Outras_Skins,cobra_celestial,cobra,Celestial Cobra,10_Outras_Skins/cobra_celestial.webp,sim,não,https://s3.mope.io/mope-prod/items/cobra_celestial/cobra.ui.webp,sim
10_Outras_Skins,wolf_cerebus,wolf,Cerberus,10_Outras_Skins/wolf_cerebus.webp,sim,não,https://s3.mope.io/mope-prod/items/wolf_cerebus/wolf.ui.webp,sim
10_Outras_Skins,tiger_chimera,tiger,Chimera Tiger,10_Outras_Skins/tiger_chimera.webp,sim,não,https://s3.mope.io/mope-prod/items/tiger_chimera/tiger.ui.webp,sim
10_Outras_Skins,kraken_chromatic,kraken,Chromatic Kraken,10_Outras_Skins/kraken_chromatic.webp,sim,não,https://s3.mope.io/mope-prod/items/kraken_chromatic/kraken.ui.webp,sim
10_Outras_Skins,dino_monster_citrine,dino_monster,Citrine Monster,10_Outras_Skins/dino_monster_citrine.webp,sim,não,https://s3.mope.io/mope-prod/items/dino_monster_citrine/dino_monster.ui.webp,sim
10_Outras_Skins,trout_clownfish,trout,Clownfish,10_Outras_Skins/trout_clownfish.webp,sim,não,https://s3.mope.io/mope-prod/items/trout_clownfish/trout.ui.webp,sim
10_Outras_Skins,lion_clowoud,lion,Clowoud Lion,10_Outras_Skins/lion_clowoud.webp,sim,não,https://s3.mope.io/mope-prod/items/lion_clowoud/lion.ui.webp,sim
10_Outras_Skins,toucan_coconut,toucan,Coconut Toucan,10_Outras_Skins/toucan_coconut.webp,sim,não,https://s3.mope.io/mope-prod/items/toucan_coconut/toucan.ui.webp,sim
10_Outras_Skins,phoenix_copper,phoenix,Copper Phoenix,10_Outras_Skins/phoenix_copper.webp,sim,não,https://s3.mope.io/mope-prod/items/phoenix_copper/phoenix.ui.webp,sim
10_Outras_Skins,dino_monster_cordycera,dino_monster,Cordycera Dino,10_Outras_Skins/dino_monster_cordycera.webp,sim,não,https://s3.mope.io/mope-prod/items/dino_monster_cordycera/dino_monster.ui.webp,sim
10_Outras_Skins,cassowary_cotton,cassowary,Cotton Cassowary,10_Outras_Skins/cassowary_cotton.webp,sim,não,https://s3.mope.io/mope-prod/items/cassowary_cotton/cassowary.ui.webp,sim
10_Outras_Skins,kraken_cthulhu,kraken,Cthulhu Kraken,10_Outras_Skins/kraken_cthulhu.webp,sim,não,https://s3.mope.io/mope-prod/items/kraken_cthulhu/kraken.ui.webp,sim
10_Outras_Skins,squid_cuttle_fish,squid,Cuttle Fish,10_Outras_Skins/squid_cuttle_fish.webp,sim,não,https://s3.mope.io/mope-prod/items/squid_cuttle_fish/squid.ui.webp,sim
10_Outras_Skins,mole_cytokinetic,mole,Cytokinetic Mole,10_Outras_Skins/mole_cytokinetic.webp,sim,não,https://s3.mope.io/mope-prod/items/mole_cytokinetic/mole.ui.webp,sim
10_Outras_Skins,crab_dark_matter,crab,Dark Matter Crab,10_Outras_Skins/crab_dark_matter.webp,sim,não,https://s3.mope.io/mope-prod/items/crab_dark_matter/crab.ui.webp,sim
10_Outras_Skins,warthog_dark_matter,warthog,Dark Matter Warthog,10_Outras_Skins/warthog_dark_matter.webp,sim,não,https://s3.mope.io/mope-prod/items/warthog_dark_matter/warthog.ui.webp,sim
10_Outras_Skins,mouse_dark_plague_rat,mouse,Dark Plague Rat,10_Outras_Skins/mouse_dark_plague_rat.webp,sim,não,https://s3.mope.io/mope-prod/items/mouse_dark_plague_rat/mouse.ui.webp,sim
10_Outras_Skins,shrimp_deluxe,shrimp,Deluxe Shrimp,10_Outras_Skins/shrimp_deluxe.webp,sim,não,https://s3.mope.io/mope-prod/items/shrimp_deluxe/shrimp.ui.webp,sim
10_Outras_Skins,dragon_desert,dragon,Desert Dragon,10_Outras_Skins/dragon_desert.webp,sim,não,https://s3.mope.io/mope-prod/items/dragon_desert/dragon.ui.webp,sim
10_Outras_Skins,sea_monster_dimensional,sea_monster,Dimensional Monster,10_Outras_Skins/sea_monster_dimensional.webp,sim,não,https://s3.mope.io/mope-prod/items/sea_monster_dimensional/sea_monster.ui.webp,sim
10_Outras_Skins,jellyfish_disco,jellyfish,Disco Jellyfish,10_Outras_Skins/jellyfish_disco.webp,sim,não,https://s3.mope.io/mope-prod/items/jellyfish_disco/jellyfish.ui.webp,sim
10_Outras_Skins,komodo_dragon_dowager_varande,komodo_dragon,Dowager Varande,10_Outras_Skins/komodo_dragon_dowager_varande.webp,sim,não,https://s3.mope.io/mope-prod/items/komodo_dragon_dowager_varande/komodo_dragon.ui.webp,sim
10_Outras_Skins,kraken_dr_brainiopod,kraken,Dr. Brainiopod,10_Outras_Skins/kraken_dr_brainiopod.webp,sim,não,https://s3.mope.io/mope-prod/items/kraken_dr_brainiopod/kraken.ui.webp,sim
10_Outras_Skins,trex_ember,trex,Ember T-Rex,10_Outras_Skins/trex_ember.webp,sim,não,https://s3.mope.io/mope-prod/items/trex_ember/trex.ui.webp,sim
10_Outras_Skins,pterodactyl_emerald,pterodactyl,Emerald Pterodactyl,10_Outras_Skins/pterodactyl_emerald.webp,sim,não,https://s3.mope.io/mope-prod/items/pterodactyl_emerald/pterodactyl.ui.webp,sim
10_Outras_Skins,yeti_emerald,yeti,Emerald Yeti,10_Outras_Skins/yeti_emerald.webp,sim,não,https://s3.mope.io/mope-prod/items/yeti_emerald/yeti.ui.webp,sim
10_Outras_Skins,komodo_dragon_emepror_varande,komodo_dragon,Emperor Varande,10_Outras_Skins/komodo_dragon_emepror_varande.webp,sim,não,https://s3.mope.io/mope-prod/items/komodo_dragon_emepror_varande/komodo_dragon.ui.webp,sim
10_Outras_Skins,rabbit_fairy,rabbit,Fairy Rabbit,10_Outras_Skins/rabbit_fairy.webp,sim,não,https://s3.mope.io/mope-prod/items/rabbit_fairy/rabbit.ui.webp,sim
10_Outras_Skins,dragon_firey,dragon,Firey Dragon,10_Outras_Skins/dragon_firey.webp,sim,não,https://s3.mope.io/mope-prod/items/dragon_firey/dragon.ui.webp,sim
10_Outras_Skins,wolverine_floral,wolverine,Floral Wolverine,10_Outras_Skins/wolverine_floral.webp,sim,não,https://s3.mope.io/mope-prod/items/wolverine_floral/wolverine.ui.webp,sim
10_Outras_Skins,flamingo_fly_mango,flamingo,Fly Mango,10_Outras_Skins/flamingo_fly_mango.webp,sim,não,https://s3.mope.io/mope-prod/items/flamingo_fly_mango/flamingo.ui.webp,sim
10_Outras_Skins,dragon_forge,dragon,Forge Dragon,10_Outras_Skins/dragon_forge.webp,sim,não,https://s3.mope.io/mope-prod/items/dragon_forge/dragon.ui.webp,sim
10_Outras_Skins,yeti_frost_wolf,yeti,Frost Wolf,10_Outras_Skins/yeti_frost_wolf.webp,sim,não,https://s3.mope.io/mope-prod/items/yeti_frost_wolf/yeti.ui.webp,sim
10_Outras_Skins,pig_fumigator,pig,Fumigator Pig,10_Outras_Skins/pig_fumigator.webp,sim,não,https://s3.mope.io/mope-prod/items/pig_fumigator/pig.ui.webp,sim
10_Outras_Skins,cheetah_genie,cheetah,Genie Cheetah,10_Outras_Skins/cheetah_genie.webp,sim,não,https://s3.mope.io/mope-prod/items/cheetah_genie/cheetah.ui.webp,sim
10_Outras_Skins,crocodile_giant,crocodile,Giant Crocodile,10_Outras_Skins/crocodile_giant.webp,sim,não,https://s3.mope.io/mope-prod/items/crocodile_giant/crocodile.ui.webp,sim
10_Outras_Skins,kraken_giant_squid,kraken,Giant Squid,10_Outras_Skins/kraken_giant_squid.webp,sim,não,https://s3.mope.io/mope-prod/items/kraken_giant_squid/kraken.ui.webp,sim
10_Outras_Skins,yeti_glacial_demon,yeti,Glacial Demon,10_Outras_Skins/yeti_glacial_demon.webp,sim,não,https://s3.mope.io/mope-prod/items/yeti_glacial_demon/yeti.ui.webp,sim
10_Outras_Skins,gobi_bear_gobee,gobi_bear,Gobee Bear,10_Outras_Skins/gobi_bear_gobee.webp,sim,não,https://s3.mope.io/mope-prod/items/gobi_bear_gobee/gobi_bear.ui.webp,sim
10_Outras_Skins,mammoth_golem,mammoth,Golem Mammoth,10_Outras_Skins/mammoth_golem.webp,sim,não,https://s3.mope.io/mope-prod/items/mammoth_golem/mammoth.ui.webp,sim
10_Outras_Skins,giant_spider_goliath,giant_spider,Goliath Spider,10_Outras_Skins/giant_spider_goliath.webp,sim,não,https://s3.mope.io/mope-prod/items/giant_spider_goliath/giant_spider.ui.webp,sim
10_Outras_Skins,dragon_goofy,dragon,Goofy Dragon,10_Outras_Skins/dragon_goofy.webp,sim,não,https://s3.mope.io/mope-prod/items/dragon_goofy/dragon.ui.webp,sim
10_Outras_Skins,lion_guardion,lion,Guardion,10_Outras_Skins/lion_guardion.webp,sim,não,https://s3.mope.io/mope-prod/items/lion_guardion/lion.ui.webp,sim
10_Outras_Skins,shark_hammerhead,shark,Hammerhead Shark,10_Outras_Skins/shark_hammerhead.webp,sim,não,https://s3.mope.io/mope-prod/items/shark_hammerhead/shark.ui.webp,sim
10_Outras_Skins,pig_hot_dog,pig,Hot Dog Pig,10_Outras_Skins/pig_hot_dog.webp,sim,não,https://s3.mope.io/mope-prod/items/pig_hot_dog/pig.ui.webp,sim
10_Outras_Skins,kraken_hydrothoth,kraken,Hydrothoth Kraken,10_Outras_Skins/kraken_hydrothoth.webp,sim,não,https://s3.mope.io/mope-prod/items/kraken_hydrothoth/kraken.ui.webp,sim
10_Outras_Skins,arctic_fox_ice,arctic_fox,Ice Fox,10_Outras_Skins/arctic_fox_ice.webp,sim,não,https://s3.mope.io/mope-prod/items/arctic_fox_ice/arctic_fox.ui.webp,sim
10_Outras_Skins,phoenix_ice,phoenix,Ice Phoenix,10_Outras_Skins/phoenix_ice.webp,sim,não,https://s3.mope.io/mope-prod/items/phoenix_ice/phoenix.ui.webp,sim
10_Outras_Skins,ice_monster_ice_pop,ice_monster,Ice Pop Monster,10_Outras_Skins/ice_monster_ice_pop.webp,sim,não,https://s3.mope.io/mope-prod/items/ice_monster_ice_pop/ice_monster.ui.webp,sim
10_Outras_Skins,toucan_ice,toucan,Ice Toucan,10_Outras_Skins/toucan_ice.webp,sim,não,https://s3.mope.io/mope-prod/items/toucan_ice/toucan.ui.webp,sim
10_Outras_Skins,pufferfish_icicle,pufferfish,Icicle Pufferfish,10_Outras_Skins/pufferfish_icicle.webp,sim,não,https://s3.mope.io/mope-prod/items/pufferfish_icicle/pufferfish.ui.webp,sim
10_Outras_Skins,rhinoceros_ink,rhinoceros,Ink Rhino,10_Outras_Skins/rhinoceros_ink.webp,sim,não,https://s3.mope.io/mope-prod/items/rhinoceros_ink/rhinoceros.ui.webp,sim
10_Outras_Skins,woodpecker_jackhammer,woodpecker,Jackhammer,10_Outras_Skins/woodpecker_jackhammer.webp,sim,não,https://s3.mope.io/mope-prod/items/woodpecker_jackhammer/woodpecker.ui.webp,sim
10_Outras_Skins,shark_jawsome,shark,Jawsome Shark,10_Outras_Skins/shark_jawsome.webp,sim,não,https://s3.mope.io/mope-prod/items/shark_jawsome/shark.ui.webp,sim
10_Outras_Skins,ostrich_jogging,ostrich,Jogging Ostrich,10_Outras_Skins/ostrich_jogging.webp,sim,não,https://s3.mope.io/mope-prod/items/ostrich_jogging/ostrich.ui.webp,sim
10_Outras_Skins,trex_kaiju_rex,trex,Kaiju Rex,10_Outras_Skins/trex_kaiju_rex.webp,sim,não,https://s3.mope.io/mope-prod/items/trex_kaiju_rex/trex.ui.webp,sim
10_Outras_Skins,king_dragon_ripper,king_dragon,King Ripper,10_Outras_Skins/king_dragon_ripper.webp,não,não,https://s3.mope.io/mope-prod/items/king_dragon_ripper/king_dragon.ui.webp,sim
10_Outras_Skins,king_dragon_shah,king_dragon,King Shah,10_Outras_Skins/king_dragon_shah.webp,não,não,https://s3.mope.io/mope-prod/items/king_dragon_shah/king_dragon.ui.webp,sim
10_Outras_Skins,king_dragon_stan,king_dragon,King Stan,10_Outras_Skins/king_dragon_stan.webp,sim,não,https://s3.mope.io/mope-prod/items/king_dragon_stan/king_dragon.ui.webp,sim
10_Outras_Skins,dragon_knight,dragon,Knight Dragon,10_Outras_Skins/dragon_knight.webp,sim,não,https://s3.mope.io/mope-prod/items/dragon_knight/dragon.ui.webp,sim
10_Outras_Skins,turtle_leather_back,turtle,Leather Back Turtle,10_Outras_Skins/turtle_leather_back.webp,sim,não,https://s3.mope.io/mope-prod/items/turtle_leather_back/turtle.ui.webp,sim
10_Outras_Skins,crocodile_lemonade,crocodile,Lemonade Croc,10_Outras_Skins/crocodile_lemonade.webp,sim,não,https://s3.mope.io/mope-prod/items/crocodile_lemonade/crocodile.ui.webp,sim
10_Outras_Skins,mouse_light_plague_rat,mouse,Light Plague Rat,10_Outras_Skins/mouse_light_plague_rat.webp,sim,não,https://s3.mope.io/mope-prod/items/mouse_light_plague_rat/mouse.ui.webp,sim
10_Outras_Skins,elephant_lightwave,elephant,Lightwave Elephant,10_Outras_Skins/elephant_lightwave.webp,sim,não,https://s3.mope.io/mope-prod/items/elephant_lightwave/elephant.ui.webp,sim
10_Outras_Skins,sea_monster_lucky_charm,sea_monster,Luckycharm Monster,10_Outras_Skins/sea_monster_lucky_charm.webp,sim,não,https://s3.mope.io/mope-prod/items/sea_monster_lucky_charm/sea_monster.ui.webp,sim
10_Outras_Skins,dragon_magma,dragon,Magma Dragon,10_Outras_Skins/dragon_magma.webp,sim,não,https://s3.mope.io/mope-prod/items/dragon_magma/dragon.ui.webp,sim
10_Outras_Skins,sabertooth_tiger_margala,sabertooth_tiger,Margala Sabertooth,10_Outras_Skins/sabertooth_tiger_margala.webp,sim,não,https://s3.mope.io/mope-prod/items/sabertooth_tiger_margala/sabertooth_tiger.ui.webp,sim
10_Outras_Skins,snow_leopard_martian,snow_leopard,Martian Leopard,10_Outras_Skins/snow_leopard_martian.webp,sim,não,https://s3.mope.io/mope-prod/items/snow_leopard_martian/snow_leopard.ui.webp,sim
10_Outras_Skins,crab_metallic,crab,Metallic Crab,10_Outras_Skins/crab_metallic.webp,sim,não,https://s3.mope.io/mope-prod/items/crab_metallic/crab.ui.webp,sim
10_Outras_Skins,falcon_meteor,falcon,Meteor Falcon,10_Outras_Skins/falcon_meteor.webp,sim,não,https://s3.mope.io/mope-prod/items/falcon_meteor/falcon.ui.webp,sim
10_Outras_Skins,blue_whale_moby_dick,blue_whale,Moby Dick,10_Outras_Skins/blue_whale_moby_dick.webp,sim,não,https://s3.mope.io/mope-prod/items/blue_whale_moby_dick/blue_whale.ui.webp,sim
10_Outras_Skins,toucan_molten,toucan,Molten Toucan,10_Outras_Skins/toucan_molten.webp,sim,não,https://s3.mope.io/mope-prod/items/toucan_molten/toucan.ui.webp,sim
10_Outras_Skins,rabbit_monochrome,rabbit,Monochrome Rabbit,10_Outras_Skins/rabbit_monochrome.webp,sim,não,https://s3.mope.io/mope-prod/items/rabbit_monochrome/rabbit.ui.webp,sim
10_Outras_Skins,chicken_mope_fried,chicken,Mope Fried Chicken,10_Outras_Skins/chicken_mope_fried.webp,sim,não,https://s3.mope.io/mope-prod/items/chicken_mope_fried/chicken.ui.webp,sim
10_Outras_Skins,dragon_mythical_serpent,dragon,Mythical Serpent,10_Outras_Skins/dragon_mythical_serpent.webp,sim,não,https://s3.mope.io/mope-prod/items/dragon_mythical_serpent/dragon.ui.webp,sim
10_Outras_Skins,octopus_na_kika,octopus,Na Kika,10_Outras_Skins/octopus_na_kika.webp,sim,não,https://s3.mope.io/mope-prod/items/octopus_na_kika/octopus.ui.webp,sim
10_Outras_Skins,pig_nation,pig,Nation the Pig,10_Outras_Skins/pig_nation.webp,não,não,https://s3.mope.io/mope-prod/items/pig_nation/pig.ui.webp,sim
10_Outras_Skins,giant_scorpion_nebuladon,giant_scorpion,Nebuladon Scorpion,10_Outras_Skins/giant_scorpion_nebuladon.webp,sim,não,https://s3.mope.io/mope-prod/items/giant_scorpion_nebuladon/giant_scorpion.ui.webp,sim
10_Outras_Skins,meerkat_necromancer,meerkat,Necromancer Meerkat,10_Outras_Skins/meerkat_necromancer.webp,sim,não,https://s3.mope.io/mope-prod/items/meerkat_necromancer/meerkat.ui.webp,sim
10_Outras_Skins,lava_monster_necromus,lava_monster,Necromus,10_Outras_Skins/lava_monster_necromus.webp,sim,não,https://s3.mope.io/mope-prod/items/lava_monster_necromus/lava_monster.ui.webp,sim
10_Outras_Skins,komodo_dragon_night,komodo_dragon,Night Komodo,10_Outras_Skins/komodo_dragon_night.webp,sim,não,https://s3.mope.io/mope-prod/items/komodo_dragon_night/komodo_dragon.ui.webp,sim
10_Outras_Skins,pelican_oil_spill,pelican,Oil Spill Pelican,10_Outras_Skins/pelican_oil_spill.webp,sim,não,https://s3.mope.io/mope-prod/items/pelican_oil_spill/pelican.ui.webp,sim
10_Outras_Skins,wolf_okami,wolf,Okami Wolf,10_Outras_Skins/wolf_okami.webp,sim,não,https://s3.mope.io/mope-prod/items/wolf_okami/wolf.ui.webp,sim
10_Outras_Skins,zebra_okapi,zebra,Okapi,10_Outras_Skins/zebra_okapi.webp,sim,não,https://s3.mope.io/mope-prod/items/zebra_okapi/zebra.ui.webp,sim
10_Outras_Skins,bear_panda,bear,Panda,10_Outras_Skins/bear_panda.webp,sim,não,https://s3.mope.io/mope-prod/items/bear_panda/bear.ui.webp,sim
10_Outras_Skins,cassowary_pastel,cassowary,Pastel Cassowary,10_Outras_Skins/cassowary_pastel.webp,sim,não,https://s3.mope.io/mope-prod/items/cassowary_pastel/cassowary.ui.webp,sim
10_Outras_Skins,peacock_plague_raptor,peacock,Plague Raptor,10_Outras_Skins/peacock_plague_raptor.webp,sim,não,https://s3.mope.io/mope-prod/items/peacock_plague_raptor/peacock.ui.webp,sim
10_Outras_Skins,lava_monster_planet_eater,lava_monster,Planet Eater Monster,10_Outras_Skins/lava_monster_planet_eater.webp,sim,não,https://s3.mope.io/mope-prod/items/lava_monster_planet_eater/lava_monster.ui.webp,sim
10_Outras_Skins,hippopotamus_planet,hippopotamus,Planet Hippo,10_Outras_Skins/hippopotamus_planet.webp,sim,não,https://s3.mope.io/mope-prod/items/hippopotamus_planet/hippopotamus.ui.webp,sim
10_Outras_Skins,king_crab_plasma_core,king_crab,Plasma-core King Crab,10_Outras_Skins/king_crab_plasma_core.webp,sim,não,https://s3.mope.io/mope-prod/items/king_crab_plasma_core/king_crab.ui.webp,sim
10_Outras_Skins,toucan_prisma,toucan,Prisma Toucan,10_Outras_Skins/toucan_prisma.webp,sim,não,https://s3.mope.io/mope-prod/items/toucan_prisma/toucan.ui.webp,sim
10_Outras_Skins,dragon_purple_haze,dragon,Purple Haze,10_Outras_Skins/dragon_purple_haze.webp,não,não,https://s3.mope.io/mope-prod/items/dragon_purple_haze/dragon.ui.webp,sim
10_Outras_Skins,mouse_purple,mouse,Purple Mouse,10_Outras_Skins/mouse_purple.webp,sim,não,https://s3.mope.io/mope-prod/items/mouse_purple/mouse.ui.webp,sim
10_Outras_Skins,hippopotamus_pygmy,hippopotamus,Pygmy Hippo,10_Outras_Skins/hippopotamus_pygmy.webp,sim,não,https://s3.mope.io/mope-prod/items/hippopotamus_pygmy/hippopotamus.ui.webp,sim
10_Outras_Skins,black_widow_queen,black_widow,Queen Blackwidow,10_Outras_Skins/black_widow_queen.webp,sim,não,https://s3.mope.io/mope-prod/items/black_widow_queen/black_widow.ui.webp,sim
10_Outras_Skins,king_dragon_queen_celeste,king_dragon,Queen Celeste,10_Outras_Skins/king_dragon_queen_celeste.webp,sim,não,https://s3.mope.io/mope-prod/items/king_dragon_queen_celeste/king_dragon.ui.webp,sim
10_Outras_Skins,king_dragon_queen_flame,king_dragon,Queen Flame,10_Outras_Skins/king_dragon_queen_flame.webp,sim,não,https://s3.mope.io/mope-prod/items/king_dragon_queen_flame/king_dragon.ui.webp,sim
10_Outras_Skins,king_dragon_queen_scarlet,king_dragon,Queen Scarlet,10_Outras_Skins/king_dragon_queen_scarlet.webp,sim,não,https://s3.mope.io/mope-prod/items/king_dragon_queen_scarlet/king_dragon.ui.webp,sim
10_Outras_Skins,giraffe_quilin,giraffe,Quilin Giraffe,10_Outras_Skins/giraffe_quilin.webp,sim,não,https://s3.mope.io/mope-prod/items/giraffe_quilin/giraffe.ui.webp,sim
10_Outras_Skins,phoenix_red_giant,phoenix,Red Giant Phoenix,10_Outras_Skins/phoenix_red_giant.webp,sim,não,https://s3.mope.io/mope-prod/items/phoenix_red_giant/phoenix.ui.webp,sim
10_Outras_Skins,dragon_rose,dragon,Rose Dragon,10_Outras_Skins/dragon_rose.webp,sim,não,https://s3.mope.io/mope-prod/items/dragon_rose/dragon.ui.webp,sim
10_Outras_Skins,dino_monster_ruby_devil,dino_monster,Ruby Devil,10_Outras_Skins/dino_monster_ruby_devil.webp,sim,não,https://s3.mope.io/mope-prod/items/dino_monster_ruby_devil/dino_monster.ui.webp,sim
10_Outras_Skins,ostrich_ruffled,ostrich,Ruffled Ostrich,10_Outras_Skins/ostrich_ruffled.webp,sim,não,https://s3.mope.io/mope-prod/items/ostrich_ruffled/ostrich.ui.webp,sim
10_Outras_Skins,sea_monster_sapphire,sea_monster,Sapphire Monster,10_Outras_Skins/sea_monster_sapphire.webp,sim,não,https://s3.mope.io/mope-prod/items/sea_monster_sapphire/sea_monster.ui.webp,sim
10_Outras_Skins,crocodile_slimy,crocodile,Slimy Croc,10_Outras_Skins/crocodile_slimy.webp,sim,não,https://s3.mope.io/mope-prod/items/crocodile_slimy/crocodile.ui.webp,sim
10_Outras_Skins,giant_spider_smile,giant_spider,Smile Spider,10_Outras_Skins/giant_spider_smile.webp,sim,não,https://s3.mope.io/mope-prod/items/giant_spider_smile/giant_spider.ui.webp,sim
10_Outras_Skins,reindeer_spideer,reindeer,Spideer,10_Outras_Skins/reindeer_spideer.webp,sim,não,https://s3.mope.io/mope-prod/items/reindeer_spideer/reindeer.ui.webp,sim
10_Outras_Skins,boa_ssscarf,boa,Ssscarf Boa,10_Outras_Skins/boa_ssscarf.webp,sim,não,https://s3.mope.io/mope-prod/items/boa_ssscarf/boa.ui.webp,sim
10_Outras_Skins,king_crab_star_crusher,king_crab,Star Crusher Crab,10_Outras_Skins/king_crab_star_crusher.webp,sim,não,https://s3.mope.io/mope-prod/items/king_crab_star_crusher/king_crab.ui.webp,sim
10_Outras_Skins,lion_storm_clowoud,lion,Storm Clowoud Lion,10_Outras_Skins/lion_storm_clowoud.webp,sim,não,https://s3.mope.io/mope-prod/items/lion_storm_clowoud/lion.ui.webp,sim
10_Outras_Skins,wolverine_summoner,wolverine,Summoner Wolverine,10_Outras_Skins/wolverine_summoner.webp,sim,não,https://s3.mope.io/mope-prod/items/wolverine_summoner/wolverine.ui.webp,sim
10_Outras_Skins,hippopotamus_sun,hippopotamus,Sun Hippo,10_Outras_Skins/hippopotamus_sun.webp,sim,não,https://s3.mope.io/mope-prod/items/hippopotamus_sun/hippopotamus.ui.webp,sim
10_Outras_Skins,lion_sunset_clowoud,lion,Sunset Clowoud Lion,10_Outras_Skins/lion_sunset_clowoud.webp,sim,não,https://s3.mope.io/mope-prod/items/lion_sunset_clowoud/lion.ui.webp,sim
10_Outras_Skins,ostrich_sunset,ostrich,Sunset Ostrich,10_Outras_Skins/ostrich_sunset.webp,sim,não,https://s3.mope.io/mope-prod/items/ostrich_sunset/ostrich.ui.webp,sim
10_Outras_Skins,mouse_super,mouse,Super Mouse,10_Outras_Skins/mouse_super.webp,sim,não,https://s3.mope.io/mope-prod/items/mouse_super/mouse.ui.webp,sim
10_Outras_Skins,zebra_synth,zebra,Synth Zebra,10_Outras_Skins/zebra_synth.webp,sim,não,https://s3.mope.io/mope-prod/items/zebra_synth/zebra.ui.webp,sim
10_Outras_Skins,trex_tartarus_rex,trex,Tartarus Rex,10_Outras_Skins/trex_tartarus_rex.webp,sim,não,https://s3.mope.io/mope-prod/items/trex_tartarus_rex/trex.ui.webp,sim
10_Outras_Skins,sabertooth_tiger_techno_saber,sabertooth_tiger,Techno Sabertooth,10_Outras_Skins/sabertooth_tiger_techno_saber.webp,sim,não,https://s3.mope.io/mope-prod/items/sabertooth_tiger_techno_saber/sabertooth_tiger.ui.webp,sim
10_Outras_Skins,black_dragon_azure,black_dragon,The Azure Bringer,10_Outras_Skins/black_dragon_azure.webp,não,não,https://s3.mope.io/mope-prod/items/black_dragon_azure/black_dragon.ui.webp,sim
10_Outras_Skins,fox_night,fox,Thief of The Night,10_Outras_Skins/fox_night.webp,sim,não,https://s3.mope.io/mope-prod/items/fox_night/fox.ui.webp,sim
10_Outras_Skins,pigeon_thug,pigeon,Thug Pigeon,10_Outras_Skins/pigeon_thug.webp,sim,não,https://s3.mope.io/mope-prod/items/pigeon_thug/pigeon.ui.webp,sim
10_Outras_Skins,shark_tiger,shark,Tiger Shark,10_Outras_Skins/shark_tiger.webp,sim,não,https://s3.mope.io/mope-prod/items/shark_tiger/shark.ui.webp,sim
10_Outras_Skins,bison_titan,bison,Titan Bison,10_Outras_Skins/bison_titan.webp,sim,não,https://s3.mope.io/mope-prod/items/bison_titan/bison.ui.webp,sim
10_Outras_Skins,lava_monster_titanite,lava_monster,Titanite Monster,10_Outras_Skins/lava_monster_titanite.webp,sim,não,https://s3.mope.io/mope-prod/items/lava_monster_titanite/lava_monster.ui.webp,sim
10_Outras_Skins,turtle_trash,turtle,Trash Turtle,10_Outras_Skins/turtle_trash.webp,sim,não,https://s3.mope.io/mope-prod/items/turtle_trash/turtle.ui.webp,sim
10_Outras_Skins,boa_tree,boa,Tree Boa,10_Outras_Skins/boa_tree.webp,sim,não,https://s3.mope.io/mope-prod/items/boa_tree/boa.ui.webp,sim
10_Outras_Skins,sea_horse_tully_monster,sea_horse,Tully Monster,10_Outras_Skins/sea_horse_tully_monster.webp,sim,não,https://s3.mope.io/mope-prod/items/sea_horse_tully_monster/sea_horse.ui.webp,sim
10_Outras_Skins,polar_bear_ursa_major,polar_bear,Ursa Major,10_Outras_Skins/polar_bear_ursa_major.webp,sim,não,https://s3.mope.io/mope-prod/items/polar_bear_ursa_major/polar_bear.ui.webp,sim
10_Outras_Skins,octopus_vampire_squid,octopus,Vampire Squid,10_Outras_Skins/octopus_vampire_squid.webp,sim,não,https://s3.mope.io/mope-prod/items/octopus_vampire_squid/octopus.ui.webp,sim
10_Outras_Skins,desert_chipmunk_velvet_chimp,desert_chipmunk,Velvet Chipmunk,10_Outras_Skins/desert_chipmunk_velvet_chimp.webp,sim,não,https://s3.mope.io/mope-prod/items/desert_chipmunk_velvet_chimp/desert_chipmunk.ui.webp,sim
10_Outras_Skins,squid_void_scuttling,squid,Void Scuttling Squid,10_Outras_Skins/squid_void_scuttling.webp,sim,não,https://s3.mope.io/mope-prod/items/squid_void_scuttling/squid.ui.webp,sim
10_Outras_Skins,warthog_war_t_hog,warthog,WarT. Hog,10_Outras_Skins/warthog_war_t_hog.webp,sim,não,https://s3.mope.io/mope-prod/items/warthog_war_t_hog/warthog.ui.webp,sim
10_Outras_Skins,elephant_white,elephant,White Elephant,10_Outras_Skins/elephant_white.webp,sim,não,https://s3.mope.io/mope-prod/items/elephant_white/elephant.ui.webp,sim
10_Outras_Skins,rhinoceros_woolly,rhinoceros,Woolly Rhino,10_Outras_Skins/rhinoceros_woolly.webp,sim,não,https://s3.mope.io/mope-prod/items/rhinoceros_woolly/rhinoceros.ui.webp,sim
10_Outras_Skins,donkey_zonkey,donkey,Zonkey,10_Outras_Skins/donkey_zonkey.webp,sim,não,https://s3.mope.io/mope-prod/items/donkey_zonkey/donkey.ui.webp,sim
